,latent_mean_0,latent_mean_1,latent_logvar_0,latent_logvar_1,Gaussian_latent_var_feature_{i},Gaussian_latent_var_feature_{i}
0,0.69295233,-1.2966927,-2.2827773,-2.2723186,0.75071245,-1.6542873
1,-0.5255512,0.57092166,-3.148156,-2.7238894,-0.58846945,0.94659245
2,0.07998732,1.6522125,-2.7404609,-2.6972165,0.030031346,1.3567843
3,0.31511727,-1.3042003,-2.4078903,-1.7746876,0.095822185,-1.0935224
4,0.8127425,0.034887195,-2.0238986,-1.8467412,0.32369912,0.0010003336
5,0.32075134,0.75249255,-2.4659128,-1.1163778,-0.39748076,1.3591683
6,0.47823885,-0.2534877,-2.455435,-2.5038967,0.6895561,0.035265356
7,-0.21141955,0.4937716,-2.8505507,-1.9303689,-0.06819649,0.42720497
8,0.9122423,-0.659426,-2.0922666,-0.8876537,1.2380549,-1.1425425
9,-0.46892235,-0.6661502,-3.0172188,-2.5560842,-0.43604875,-0.5124382
10,-0.16068164,0.58006895,-3.0085354,-3.1091294,-0.3000049,0.8312191
11,0.98226047,-0.5649568,-2.055573,-2.2649393,1.7365686,-0.50330037
12,1.026775,-0.66779435,-1.9997731,-2.1125216,1.0877153,-0.9139464
13,0.69956505,-1.0168148,-2.3184402,-0.6787741,0.9458498,-1.7806313
14,0.26628277,0.8164822,-3.3643293,-2.6302204,0.5022709,0.6042223
15,0.7705008,-1.147544,-2.1410027,-1.4582812,0.87439543,-1.1897262
16,0.42799053,0.7161732,-2.3824184,-2.2841663,0.4537276,0.96384907
17,0.6837406,-0.9562472,-2.0947363,-1.2813932,0.80899215,-1.0301234
18,1.2822069,0.33686978,-1.8581594,-0.7268305,1.9436903,0.5155791
19,-0.17499635,0.4031486,-2.837037,-1.9356683,-0.48634106,0.053002328
20,-0.68625,-0.3370229,-3.0155807,-2.0624492,-0.5162212,-0.9270506
21,0.4236116,1.3972886,-2.5363305,-1.6124786,0.17316023,1.821672
22,0.5590104,-0.15106022,-2.2779355,-2.0829203,0.6090774,-0.07881561
23,1.648053,0.392433,-1.6148612,-0.92997295,1.0858734,1.2895553
24,0.65446746,0.16073823,-2.1838968,-1.9567461,0.08788687,0.52033335
25,-0.45028767,0.2694069,-3.0651002,-2.3490963,-0.2393582,-0.33006728
26,0.51104593,-2.123845,-3.0820622,-2.3265274,0.6348805,-1.6485202
27,0.7177805,0.15454149,-2.10912,-1.593493,0.7390808,0.20547757
28,-0.3497338,-1.4286288,-2.7867348,-1.613055,-0.399152,-1.5310825
29,0.09912649,1.4131172,-3.2208557,-2.6735063,-0.17420724,1.377111
30,0.12875056,-0.39131796,-2.7643447,-2.852192,-0.2752941,-0.48724416
31,0.4938062,0.43789828,-2.5165672,-3.122305,-0.14713976,0.5695984
32,0.22209999,1.3950725,-2.5364408,-1.7961872,-0.02293858,1.3608729
33,0.25935236,-0.34681046,-2.598629,-2.305479,0.20170745,-0.17636457
34,0.60585916,-0.19928622,-2.2790947,-2.1428528,0.8331119,-0.34731555
35,-0.47931764,0.28127444,-2.8182719,-0.9348804,-0.38255495,1.3051301
36,-0.32278302,0.8551496,-2.8733742,-1.5762752,-0.16898276,0.89517075
37,1.0877004,0.19729596,-1.9688823,-1.2084205,1.1644826,-0.43724585
38,0.035686642,-1.5883378,-2.814194,-0.7655895,0.1112466,-0.86299807
39,0.3311756,1.3030103,-2.3846037,-2.3590965,0.050174117,0.65894413
40,-0.25534043,0.28788352,-2.7658653,-1.5950825,-0.071360454,0.29087755
41,0.85170543,-1.3364819,-2.2346196,-1.0940497,0.7724932,-1.0861288
42,-0.52695656,2.1799583,-4.491495,-3.932125,-0.6729213,2.1666741
43,-0.19280139,0.039517403,-2.8970823,-2.3785422,0.010846004,0.54217935
44,0.4267018,0.30220455,-2.3530228,-0.94938844,0.30848196,0.63126385
45,0.24305573,0.40129113,-2.5886252,-2.2273452,0.3130253,-0.00782755
46,0.90872717,-0.78605783,-2.174086,-0.6631583,0.7241375,-0.43192852
47,0.93366015,0.2407549,-2.0270808,-1.2535453,0.72455513,0.3246368
48,-0.03667161,0.2971499,-2.862008,-2.7999003,0.11001457,0.27257365
49,0.46448937,2.3418555,-3.2233458,-3.0191288,0.83791983,2.6692896
50,1.8623816,-1.320423,-1.5713205,-0.37848932,2.7619581,-1.1665952
51,1.2076606,-1.1598183,-1.9509335,-0.64282876,1.5273857,-0.87570864
52,-0.1309956,-0.77484524,-2.787121,-2.327159,-0.17482764,-0.7686872
53,-0.20800778,0.44699788,-2.8885772,-2.1035829,-0.15052661,0.91465247
54,0.8712745,0.45589125,-2.074326,-1.9648635,0.24587703,0.20816457
55,0.13473138,-1.0480787,-2.6928298,-2.1021705,0.585436,-0.869658
56,-0.01681158,0.77834046,-2.6691072,-1.6083581,0.050266176,-0.5415546
57,0.46223184,0.67634094,-2.38828,-0.85024214,0.44122937,0.12547064
58,0.38710198,1.2798903,-2.355325,-1.9662769,-0.030278504,1.5533204
59,-0.11662254,-0.59752953,-2.8865693,-2.7145762,-0.3244807,-1.0196292
60,0.31420276,0.24974996,-2.3776827,-1.267962,0.21885554,0.061092943
61,-0.23603877,0.154481,-2.9038172,-2.2342165,-0.15635827,0.35972542
62,2.1803873,0.71995485,-1.4197325,-0.35780537,2.2465286,1.0564301
63,0.9745103,0.58500993,-2.013757,-1.8903465,1.2534914,0.1615079
64,0.3263621,-1.0373489,-2.6033874,-2.5590835,0.27329636,-1.0821034
65,-0.55046415,-1.2643021,-3.0136938,-2.2426176,-0.5760278,-1.0836558
66,0.66715324,-0.77511895,-2.057242,-1.4089434,0.7459818,0.037768245
67,0.31584135,-0.3316959,-2.572817,-2.5434966,0.30079168,-0.6967268
68,0.51321113,-0.8793758,-2.4871445,-1.7907066,0.3454069,-0.85740006
69,0.56578934,-0.4157014,-2.485198,-0.50520146,0.5564914,-0.24411137
70,0.42538342,-0.08786738,-2.398173,-1.7215174,0.47878003,-0.2702297
71,-0.45632872,1.5227729,-3.2089458,-2.3618927,-0.46182385,1.2904384
72,0.78445864,0.24566942,-2.0147624,-1.6611888,0.44234967,0.6054361
73,-0.7464385,-0.9611801,-3.1934671,-2.846674,-0.8118238,-0.7824326
74,0.38861623,-0.23571849,-2.5531228,-2.6502268,0.5086841,-0.23884402
75,0.5836555,1.6333325,-2.4718063,-1.752949,0.2177935,0.83283144
76,0.9894712,0.06998217,-1.9741421,-2.3034139,0.63004035,0.7975534
77,0.59086156,-2.132749,-2.467266,-0.75015235,0.46184468,-2.5483246
78,0.70491123,-0.4001161,-2.268958,-2.3058028,0.9278541,-0.2625321
79,-0.17459187,0.44499636,-2.8881598,-2.4966264,-0.28006935,0.6914995
80,-0.092472285,-1.029967,-2.733109,-1.9594696,-0.29461312,-1.4342073
81,0.11981222,-1.9567612,-2.5338967,-1.1800159,0.10995865,-2.5805578
82,0.11134526,-1.2067531,-2.5410545,-1.6590172,0.1669246,-1.4736172
83,0.19873497,0.97823125,-2.5583022,-1.974571,0.5589058,0.56874543
84,1.4204924,0.16850376,-1.7443863,-1.0226114,0.45763057,0.5884918
85,0.42475054,0.44645292,-2.3319228,-1.3214114,0.6852325,0.9287836
86,-0.16614708,-0.6760825,-2.7659247,-1.791419,-0.34017545,-0.6328702
87,1.0442246,-0.46703982,-2.0378542,-1.0727617,0.93523955,0.00028210878
88,0.23906115,0.77780455,-2.4834287,-0.817147,-0.00081177056,0.43633804
89,0.8441284,-1.2388254,-2.2607286,-1.4419773,0.99245584,-1.0363765
90,0.36638746,-1.3812951,-2.5182428,-2.1929994,1.0068789,-1.3496122
91,-0.7496817,-0.6580812,-3.102767,-2.1013494,-0.74070036,-1.0391153
92,1.0651072,-0.44746923,-1.9955848,-1.1510369,1.377451,-0.75130075
93,-0.4192005,-0.4002974,-3.0022001,-2.3834844,-0.6380442,-0.71389925
94,-0.36302063,0.20572352,-3.014648,-2.462019,-0.6382605,0.44238582
95,0.68785,-0.32562637,-2.230432,-2.2654676,0.12415534,-0.1997221
96,0.03157419,-1.6129009,-2.581201,-1.8951848,0.09099205,-1.910674
97,0.19678536,0.25870788,-2.496852,-1.4920816,-0.027721241,1.1168728
98,0.78075755,0.5455652,-2.271089,-1.0054586,1.0497748,0.84722936
99,0.5464735,0.17685509,-2.2388475,-1.6335166,0.8212571,0.73194665
100,0.11960766,0.5115324,-2.6795661,-2.1867924,0.31428385,0.22880676
101,1.2128999,-0.0074101686,-1.7683455,-1.4739715,1.1745934,-0.14773723
102,1.2063553,-0.03001523,-1.7344937,-1.3949072,1.4974508,-0.7939333
103,0.5843053,-0.008956671,-2.2348678,-1.915621,0.95501924,-0.08995402
104,-0.12352535,-0.70424163,-2.8035376,-2.3009791,-0.041683458,-0.7477434
105,-0.00068822503,0.14419353,-2.5396512,-1.1816577,-0.24329409,0.82263035
106,0.66339207,1.886084,-2.3944752,-1.3785889,1.1411808,2.149794
107,1.1097759,-0.4480865,-1.7656162,-1.505606,0.24273938,-1.2831739
108,-0.26454982,0.6176499,-2.893664,-2.0323648,0.017290533,0.39088738
109,-0.13355431,-0.7239078,-2.692116,-1.6959558,-0.08156113,-0.7620699
110,0.97310317,-1.1771461,-2.1289325,-1.5519266,0.7674936,-1.8866882
111,0.17964688,0.050368667,-2.6537027,-2.6971922,-0.09179327,-0.43332273
112,0.14533249,-0.40318215,-2.7226498,-2.3280365,0.27245748,-0.15154654
113,-0.23539624,0.5948739,-2.7912102,-1.5773466,-0.4328332,0.1915611
114,0.088816375,0.39526284,-2.7551744,-2.5448556,0.2869209,0.538829
115,0.10091746,-0.8610096,-2.765065,-2.7312407,-0.53154105,-0.69307965
116,0.4204245,0.2376942,-2.322251,-1.5191507,0.4260545,0.19441235
117,0.61654246,0.22911286,-2.177491,-1.447485,0.5693824,0.48216093
118,0.08654234,-1.4749383,-3.448162,-3.034139,-0.0896706,-1.5610751
119,0.47259483,-1.7970325,-2.6788647,-1.4642951,0.11956698,-1.399684
120,-0.7091025,-0.14744449,-3.2386293,-3.2043939,-0.7183309,-0.26562437
121,1.4014847,0.5137441,-1.7996945,-0.70524067,1.9955082,-0.16625434
122,0.5364803,-0.90178466,-2.4625049,-2.069157,0.8022102,-0.97931856
123,-0.2870998,1.8346087,-3.3483524,-3.0061784,-0.115418285,1.7233272
124,2.1318123,-0.14437306,-1.38888,-0.3903281,2.5710368,0.53171676
125,0.927126,0.40212363,-2.0777366,-2.4908528,0.31737757,0.4267507
126,-0.17382309,1.004713,-2.735721,-1.365191,-0.18023147,1.1726984
127,-0.05897829,-0.64530015,-2.737091,-2.1567435,0.05419351,-0.7830029
128,0.6710874,-0.5489658,-2.21182,-1.7604132,1.4686095,-0.68512243
129,1.1231153,0.9401516,-2.0199778,-0.33939338,0.8920864,-0.0739404
130,0.17784503,-0.2926985,-2.4131322,-1.0947994,0.327823,0.54548216
131,0.8432317,0.15808982,-2.0056498,-1.9321432,1.0280135,0.70373553
132,-0.2783259,1.7429403,-3.6717577,-3.718289,-0.1985324,1.8368115
133,0.05125919,0.39521044,-2.6118112,-1.5107703,0.14582442,1.192004
134,0.70976377,0.5632183,-2.2185552,-0.7053211,0.81737113,0.25316063
135,0.39209846,1.781806,-2.4095368,-2.0509439,0.37723553,2.0383809
136,-0.10125378,2.7986016,-4.0921707,-4.0024447,-0.30501068,2.7894876
137,0.22013184,0.35191077,-2.5158443,-0.4391697,0.12951827,-0.3457259
138,0.31074873,-1.308137,-2.3118663,-1.4225615,0.83514893,-0.8901013
139,-0.3483269,-1.5065113,-3.2321577,-1.6721058,-0.23905122,-1.2922225
140,1.3913113,1.3162652,-1.8940811,-1.2556401,1.6410745,1.9221971
141,0.3054261,-1.3869392,-2.6036916,-1.1867785,0.4141722,-0.91491306
142,0.012803763,0.40474534,-2.5932357,-1.3362943,-0.07975048,1.3020877
143,1.1715469,0.051744223,-1.9406548,-0.7543709,1.7635486,0.37804642
144,0.684335,-0.9095117,-2.1689696,-1.7254668,0.037256837,-0.9117494
145,0.30893764,0.46382755,-2.5092394,-1.9002998,-0.21280482,0.46415782
146,0.8490777,0.702784,-2.0705273,-1.8956033,0.57848984,0.85535955
147,0.508451,-0.7113439,-2.180505,-1.4177408,0.28565812,0.29215896
148,-0.36919263,0.42207718,-3.121514,-3.1772676,-0.59287906,0.3126341
149,0.0013592541,1.5464175,-3.6951523,-2.6841044,0.01849635,1.3016789
150,0.6012329,-1.3030761,-2.234751,-1.8477211,0.22685537,-0.3589422
151,0.80530655,0.32679284,-1.9948354,-1.6970507,0.7297021,0.7830893
152,0.9735625,-0.65062106,-2.1304653,-0.5488378,1.1230611,-0.2414636
153,-0.21413991,-1.2424473,-2.7976131,-1.8921337,-0.28084013,-1.3006126
154,-0.31454584,-0.1811049,-2.95559,-2.0701666,-0.61799794,-0.20069203
155,0.5145464,1.7027774,-2.4454648,-1.9226458,0.7910276,1.5534103
156,0.67650104,-1.6979445,-2.3427742,-1.6162149,0.78978086,-1.422449
157,0.9603507,0.84416664,-2.0859532,-1.510278,0.26566213,1.0927695
158,0.90244985,-0.5961834,-1.960903,-1.7318217,0.564567,-1.141576
159,0.42478773,0.31380635,-2.3274422,-1.732356,0.081570804,0.8564964
160,-0.4931017,-0.8533081,-2.9217217,-2.1603897,-0.5771465,-1.075402
161,0.1466181,-1.5663062,-2.5807393,-2.049522,0.11805796,-1.216811
162,0.26278487,-0.7891525,-2.5175183,-1.8675886,0.32412744,-0.74410766
163,-0.17338988,-0.80576444,-2.9355576,-2.784688,0.0391178,-1.0021317
164,0.021611422,1.0345161,-2.5688133,-0.98682123,0.015952855,0.5933578
165,1.1488098,0.27082133,-1.8606246,-1.8551555,1.6254513,0.7014739
166,-0.26335087,-0.7347021,-2.793965,-1.7631541,-0.6758409,-1.2255936
167,-0.07343897,0.98525345,-2.6589577,-1.2683707,-0.045888558,0.79682374
168,-0.1451076,-2.045051,-2.7073925,-1.6882325,0.13871291,-2.153151
169,-0.21745941,0.63904977,-2.965748,-2.6412003,-0.23092754,0.85241926
170,0.6216899,1.4233515,-2.3528337,-0.4273603,0.10999966,1.6796101
171,0.18937609,0.5205934,-2.4788685,-1.3044661,0.14878401,1.5032662
172,0.9437753,-1.1691538,-2.0837443,-2.1926434,0.53220165,-1.0885861
173,1.0243224,0.46788162,-1.9785784,-1.3619715,0.7968166,0.27881253
174,1.8963505,-0.7838435,-1.4872491,-0.53820515,2.873969,0.28912616
175,-0.2438713,-1.4768058,-2.6462185,-1.4260446,-0.04106602,-1.7196639
176,0.3628185,2.1529326,-2.8363285,-2.0047207,0.32134634,2.0336313
177,-0.18667635,0.6616776,-2.7779274,-1.6388614,-0.20594218,0.48319855
178,0.2395908,1.2706476,-2.4830418,-1.9368767,0.14348462,1.271486
179,1.3739959,-0.22509408,-1.720613,-0.98267543,1.2757822,-0.08229874
180,1.1427623,0.10752219,-1.8242669,-1.939051,1.383722,0.21591245
181,0.8813839,-1.6446291,-2.2459714,-0.618685,0.5202057,-2.7077672
182,0.09074023,-0.77892673,-2.6998107,-1.9133228,-0.33787858,-1.2041864
183,-0.0982568,0.7765199,-2.8424566,-2.469092,-0.7301955,0.6124179
184,-0.15649685,-0.44326913,-2.8414283,-2.1992822,-0.3314855,-0.08014771
185,0.57814443,0.8325587,-2.2545972,-1.2416122,0.7292081,1.2700654
186,-0.28758308,0.4126637,-2.794229,-1.5405954,-0.12195608,0.17825367
187,-0.32051644,-0.48773134,-2.9403136,-2.6191192,-0.17850098,-0.9052901
188,0.59235585,0.29366827,-2.209621,-1.4491913,1.2224202,-0.28868383
189,0.056096047,0.25117683,-2.6893618,-2.0400388,-0.19657904,0.7467582
190,0.047012955,0.3014654,-2.6385355,-1.7519168,0.25339025,0.5285256
191,0.3026375,0.18162978,-2.3920841,-1.2684526,0.26378858,1.0014508
192,0.25233367,0.83065116,-2.5456026,-0.5542402,-0.3041083,1.352968
193,-0.33679757,0.4731351,-2.9637854,-2.0693502,-0.5671296,0.54140306
194,-0.07669172,-1.5689145,-2.5499191,-1.2841543,-0.11587974,-2.1284785
195,0.7309891,0.22389603,-2.0482273,-1.1524183,1.2442963,-0.30155313
196,1.012271,-0.45542645,-1.8818727,-1.4589852,1.5967143,-0.05100596
197,0.5702121,0.1101346,-2.142064,-1.2965016,0.17271295,0.22883987
198,1.4698418,-0.8903183,-1.7507792,-1.3997077,2.214818,-0.9131624
199,0.48249844,-1.9438065,-2.5134435,-1.0978945,0.3974603,-3.173595
200,0.35124704,1.4319613,-2.5880725,-0.17089158,-0.029812396,1.5249584
201,0.23430529,0.013579011,-2.531469,-1.7911882,-0.083526194,-0.97793704
202,0.75313985,1.7539461,-2.217492,-1.5269808,0.649101,2.2279282
203,0.34159598,2.44561,-3.0455487,-2.9053135,0.080580145,2.7800572
204,-0.18358609,-1.5780917,-2.6701038,-1.6501915,-0.13093704,-1.5906156
205,-0.25424013,-0.09336424,-2.9345691,-2.0341375,-0.12598027,-0.7548364
206,0.24929366,0.2823428,-2.4064624,-1.1764112,0.23212048,0.6415242
207,-1.1912125,0.21885788,-3.448016,-2.3691373,-1.4787853,0.32836315
208,1.1789418,-0.2129687,-1.8168838,-1.4911785,1.4424825,-0.12844017
209,0.24341378,-0.16326654,-2.5863636,-2.2346077,0.19990377,-0.27976733
210,0.20548776,1.1074404,-3.1183603,-1.9147195,0.34518534,1.1264569
211,1.361925,0.01661098,-1.690701,-1.4563029,1.0971606,0.9631264
212,0.105006665,2.394772,-3.285236,-2.7923455,0.31919324,2.7346919
213,-0.89833295,0.77993107,-3.2759824,-1.9875238,-0.7050205,0.89152426
214,0.7561666,-1.266317,-2.329455,-0.7248478,0.8945914,-1.5340222
215,-0.6491388,2.2834928,-4.0315914,-3.7501822,-0.8949772,2.375325
216,0.7756752,0.094114125,-2.0435905,-1.697622,0.5899715,0.30143446
217,-0.12474844,0.44857907,-2.8535504,-2.2585359,-0.19788556,0.42462683
218,1.0365973,0.03879714,-1.9226639,-1.1202145,0.97692585,0.9316573
219,0.88466084,0.31926453,-2.1116078,-0.98622197,0.9896672,0.3457841
220,0.88334656,1.0945189,-2.150536,-1.000457,1.1766845,1.6714193
221,0.9283204,1.261745,-2.231809,-1.4225764,0.23264152,1.8690913
222,0.07502493,-1.488335,-2.6540987,-2.0845084,0.03515443,-2.3513184
223,-0.14583275,0.013666272,-2.9151416,-2.5306735,-0.24177432,0.19021475
224,-0.071662635,-0.9078891,-2.749028,-2.1070862,-0.077239625,-0.3677194
225,0.30777326,-1.275503,-2.6083689,-1.4657882,0.13999926,-0.9638679
226,-0.22986123,1.5294232,-3.154536,-2.7407713,-0.1688669,1.6509628
227,1.2703494,1.7326481,-2.0840971,-1.1065421,1.320798,1.6832354
228,0.28672454,0.5119263,-2.5581954,-2.2541394,0.50132227,0.9425518
229,-0.015071303,-1.1776899,-2.6245146,-1.764585,-0.23714,-0.45636392
230,0.109482765,-1.6499516,-2.5715015,-1.9800632,-0.3119304,-2.1919596
231,0.72486544,-0.6554831,-2.1745505,-1.4466027,0.9285829,-0.051656246
232,-0.07977596,1.6728953,-3.1372721,-2.557729,-0.32523215,2.1728065
233,0.3591092,0.7171416,-2.3764377,-1.5697813,0.32817838,1.323328
234,1.5155143,-0.5980364,-1.7041638,-0.5472466,2.177548,-1.809371
235,0.7275976,-1.367926,-2.2322786,-0.78591275,0.07366109,-2.492744
236,0.33675477,-1.192603,-2.592004,-2.2614603,0.5085829,-1.2698809
237,0.6952739,-1.1721166,-2.304525,-1.6697034,0.73781765,-1.4603448
238,0.31540546,-0.8336195,-2.5733898,-2.5068254,-0.0072363615,-1.0747461
239,0.5615485,0.8874834,-2.3465438,-0.8720474,1.0374649,0.29727083
240,0.39100245,-0.11997807,-2.4121618,-1.000737,0.42355677,-1.776913
241,0.12894472,-1.7629644,-2.498321,-0.9162184,0.33173788,-2.2193747
242,0.38813314,-1.5487512,-2.69947,-0.65670073,0.1542551,0.08413625
243,0.94827884,0.16873991,-2.0566208,-2.575809,1.0712243,0.34704792
244,0.21800712,-1.0281652,-2.541582,-1.6245816,0.16343817,-1.3637378
245,1.4291623,-0.63612187,-1.7417166,-0.7771544,0.88705736,0.1240083
246,-0.22323677,-0.34734404,-2.8762853,-2.489511,-0.16134852,-0.2717135
247,-0.31354162,-0.043841243,-2.8770037,-2.156815,-0.2817958,0.24644727
248,0.61755085,-1.149403,-2.2447348,-1.811633,0.34086072,-1.5608661
249,-0.016038328,-1.3732232,-2.5241978,-1.4526609,-0.14161405,-1.437362
250,0.49833736,-0.83990943,-2.4922788,-2.1510122,0.369832,-0.73660606
251,0.036255628,-0.37010515,-2.569461,-1.3044311,-0.020745572,-0.98200905
252,1.2139432,-0.16329587,-1.9631255,-0.54196596,1.2029177,-0.46595216
253,0.32973543,0.97007066,-2.787519,-1.3791225,0.47427523,1.4597185
254,0.46610412,0.017561316,-2.321429,-1.8901032,0.16779923,0.21798058
255,-0.4245703,-0.9594594,-2.7507172,-1.1644853,-0.10186976,-0.10834229
256,0.98244035,-0.01813984,-1.9625537,-2.2264667,1.1993544,0.13698357
257,0.8648787,-1.088807,-2.2890327,-0.80991143,1.0652382,-0.82609487
258,0.7772268,0.04241264,-2.0671644,-2.0052576,1.003354,-0.63094044
259,0.7049687,0.31006682,-2.2098517,-0.8823133,0.85744756,0.07741758
260,1.3021513,0.14934552,-1.6747203,-1.8671036,0.85804677,0.187201
261,0.90648496,1.0986302,-2.1051176,-1.409619,0.5414563,1.3289677
262,0.0520927,2.1411128,-3.3707814,-1.7982213,-0.0640309,2.0448084
263,-0.1705372,1.0593188,-2.781692,-1.279813,0.16077858,0.6335999
264,-0.41451737,1.5401845,-3.242553,-2.7413127,-0.75647163,1.906481
265,0.09465912,-1.0490986,-2.6186078,-1.7346039,0.2798058,-1.1343567
266,0.42740825,0.04343021,-2.3563144,-1.5941826,0.5484424,0.14012235
267,-0.2895904,-1.1914252,-2.757328,-1.618952,-0.8218671,-1.2103411
268,0.5673171,1.3806037,-2.4614124,-0.8625972,0.82146,2.5128388
269,-0.38134435,-0.28552866,-3.0624173,-2.3579144,-0.29398584,-0.66736066
270,0.5320804,1.4917278,-2.7613204,-1.0960371,0.6591008,0.74173254
271,1.3526475,-1.5133287,-1.7945046,-0.93393207,0.56899726,-1.4340668
272,-0.21222565,0.022497773,-2.882374,-2.1775222,-0.29065886,0.80955946
273,0.4850643,0.4720037,-2.3764393,-2.1923227,0.42949104,0.47862738
274,0.9269222,0.48763037,-2.1102345,-0.70393074,0.73277855,0.1791881
275,0.9414576,-0.12607026,-2.251949,-0.8121755,0.94488984,0.108111426
276,1.7455391,-1.504373,-1.606024,-0.52329904,1.1421268,-1.8053017
277,0.48638442,-0.23684657,-2.3868582,-2.0579011,0.33940095,-0.405452
278,1.1260649,0.13651747,-1.8072913,-1.9409432,2.0795352,-0.20564201
279,0.37604514,-2.5128574,-2.613553,-0.63629305,0.73092484,-2.0280833
280,0.31625393,-0.32306445,-2.5642056,-2.3629146,0.61169064,-0.038014233
281,0.33256748,-1.0548791,-2.3363025,-1.5503936,0.18505417,-0.6797776
282,-0.0122072995,0.99678326,-2.7469802,-2.0652006,0.20435187,1.2612842
283,0.11459467,1.1462294,-3.45463,-2.883751,0.06913297,1.3088624
284,0.7365937,-1.2807535,-2.2805977,-1.3886511,0.6813458,-1.741749
285,0.018195182,1.1217455,-2.705861,-2.289524,0.4080579,0.91311264
286,0.4478084,-0.8648621,-2.6539493,-0.56180835,0.5901292,-0.36503714
287,-0.7502675,-1.1719474,-2.9756362,-1.8832512,-0.9606998,-1.2549664
288,0.11087999,-0.9455546,-2.703334,-2.0931869,-0.073416635,-0.68468535
289,0.45263728,-0.8823384,-2.4535894,-1.0697265,0.64957064,-0.8164809
290,0.41600326,0.09015334,-2.3403418,-1.4629066,0.52963716,-0.48175532
291,0.11975828,-0.5599462,-2.728824,-2.2036073,0.42656538,0.30925113
292,-0.37803945,-1.0825976,-2.9408572,-2.502781,-0.43604285,-1.7905936
293,-0.38817534,-0.99395883,-3.077847,-2.5975363,-0.33988667,-1.0905046
294,0.9281346,-0.9448341,-2.2391012,-1.3749504,0.88641304,-1.0636687
295,-0.23169819,-0.64922917,-2.8474102,-2.32755,-0.18464431,-0.68617725
296,-0.28401753,-0.81421673,-2.7366152,-1.6027403,-1.030606,-0.7673594
297,0.13432774,-0.35079026,-2.6918287,-2.0463858,0.30327088,-0.258445
298,0.014571995,-0.19708216,-2.8256469,-2.4366536,0.13075325,0.08753702
299,0.37147513,0.9763602,-2.4920437,-0.66721416,-0.12263054,0.8932101
300,-0.087660044,-0.8180636,-2.713085,-1.7028309,-0.28348345,-0.6257899
301,0.5183852,-0.29518247,-2.3918972,-2.3855247,0.9437291,-0.2656082
302,0.095556825,-0.28261554,-2.6905165,-2.2803311,-0.102607265,-0.38417715
303,0.50016356,-0.16005039,-2.3370786,-2.1172712,0.49114844,0.11525926
304,0.37477478,0.26882666,-2.4217718,-1.8164886,0.5274286,0.3309083
305,-0.270714,0.85937786,-2.8747134,-1.802381,-0.49896738,0.6125472
306,-0.47623423,-1.6055626,-3.4731698,-2.027274,-0.4588821,-1.2101823
307,0.21211061,-1.4531506,-2.6864588,-1.6935377,0.13274482,-1.2572371
308,0.5017071,0.32412863,-2.2180421,-1.515374,0.44680828,0.5177218
309,-0.40707198,2.1691604,-3.9778514,-3.044487,-0.35972458,2.1363006
310,0.66737807,-0.4520446,-2.1584167,-1.0044626,0.74661684,-1.3587437
311,0.04825422,-1.0184454,-2.7706697,-2.2486296,0.2513887,-1.1507894
312,-0.19917151,-1.0759121,-2.7096066,-1.8125491,-0.34247786,-1.3370483
313,-0.038941056,0.5096365,-2.756969,-2.109867,-0.2510599,0.4411955
314,0.66004074,-0.042375207,-2.165245,-0.9070678,0.46572292,-0.50500816
315,0.19024488,-0.6697829,-2.6382003,-2.0540195,0.27039135,-0.27208167
316,-0.60046744,1.0104443,-3.0613656,-1.4554945,-0.39276215,1.360322
317,0.48813757,0.25967503,-2.3661418,-0.7550356,0.1674155,0.60092175
318,0.62176,-1.299548,-2.4298627,-0.50434655,0.44069964,-1.8787373
319,-0.3108754,1.5642414,-3.1436617,-2.7170308,-0.01342243,1.6736857
320,-0.100414306,1.5362542,-2.9689405,-2.670243,-0.40606272,1.5806152
321,0.842669,-1.3842968,-2.1849983,-0.764112,1.3050514,-0.94933176
322,-0.7180468,-0.9809247,-3.1730502,-2.3033595,-0.7012225,-1.5282497
323,0.767004,0.40582466,-2.1861215,-2.454543,0.327584,0.14880887
324,-0.43390825,0.6600932,-2.8973286,-1.4858248,-0.4283738,0.61299497
325,0.8374015,0.5968808,-2.106127,-1.2630992,0.8095829,1.3161364
326,0.970255,-0.9465121,-2.1259263,-2.3540878,0.9012011,-1.2406071
327,0.9279618,-1.0312518,-2.0651112,-2.086894,1.042394,-1.2374144
328,0.16927943,0.9594333,-2.6956573,-1.8250077,0.30229312,1.1964769
329,0.01600495,-1.5004407,-2.7396784,-1.5699778,0.021654299,-0.79802567
330,0.2940735,-1.9765826,-2.608881,-0.9139675,0.022506237,-2.8828523
331,0.3599954,0.61301243,-2.4445264,-1.036653,0.23112339,0.30848736
332,0.6072246,0.6661776,-2.3021388,-1.2581999,0.771149,0.5743995
333,0.8819424,-0.11488652,-1.9489701,-1.8023438,1.2815275,-0.10847927
334,0.89287627,-0.14179397,-1.9111252,-1.6718218,1.0823674,0.48384726
335,0.12385169,1.3733127,-2.6385794,-2.036141,0.09819065,0.9733267
336,-0.22566035,-0.9185771,-2.897962,-2.5849097,-0.3161942,-1.2027681
337,0.6471492,2.372492,-2.457312,-1.084009,1.255405,2.671463
338,0.62559247,0.20097166,-2.1928368,-1.7161494,0.16044548,-0.7760035
339,0.9530214,1.2146795,-2.1873224,-1.2065953,1.0524812,2.8934033
340,0.5664617,0.22119272,-2.1988938,-1.3539252,0.635593,-0.5360436
341,-0.42414197,1.6193442,-3.2310305,-2.2552352,-0.75277615,1.3674712
342,0.37118164,1.8821425,-2.427237,-2.0984168,0.37063494,1.9772553
343,0.03438559,-0.2865932,-2.8211215,-2.7705503,-0.07462703,-0.040401474
344,0.13958699,-1.61065,-2.561816,-1.9656062,0.4719908,-1.5204606
345,-0.12494454,-1.473266,-2.5677845,-1.3820683,-0.27261308,-1.5222038
346,0.7472502,-0.27825022,-2.149973,-2.0351815,0.62674665,-0.59976685
347,-0.49361435,1.1395048,-3.1184082,-1.7289271,-1.24245,0.8665695
348,1.630164,-1.039086,-1.5909263,-1.318135,1.8907542,-0.19206607
349,-0.019584864,-0.8494319,-2.6275654,-1.5972549,0.14278205,-0.6334873
350,0.18593362,-1.3444332,-2.6129222,-2.083988,-0.021013364,-1.0686667
351,-0.64035916,-0.20295739,-3.1453435,-2.4520063,-0.6320909,-0.3194598
352,-0.054611772,-0.8763782,-2.733714,-1.7768981,-0.15449896,-0.89347047
353,0.041172296,-1.2964035,-2.500735,-1.3121256,-0.0329535,-2.127568
354,-0.41088226,-0.8451396,-2.9983056,-2.4090853,-0.22539374,-0.8677074
355,1.0618265,-0.27951145,-1.8403094,-1.5920954,0.8741417,-0.30766627
356,0.11312875,0.2992854,-2.5828109,-1.6253657,0.0074352846,0.8541779
357,0.7074256,0.22797501,-2.1079884,-1.6302779,1.3401484,0.07196526
358,1.4847877,-0.71242666,-1.6620746,-0.9636357,1.4035273,-0.83256215
359,0.5861248,-1.3962177,-2.3299298,-2.0999372,0.5580538,-1.1867925
360,-0.252349,0.6265062,-2.8652673,-1.8557241,-0.1520424,0.52987105
361,-0.032387763,0.5446212,-2.6430278,-1.253461,0.0066467114,0.36104766
362,0.46265283,-0.43330038,-3.0263977,-1.6947758,0.573158,-0.7651001
363,0.15256646,-0.36923933,-2.6231718,-1.8659894,-0.10877499,-0.18617558
364,0.102782935,1.5914557,-2.9752421,-1.3438902,-0.13277711,1.0943023
365,0.11018112,0.3326518,-2.6559515,-0.7152698,-0.086075485,1.353168
366,0.32970384,-0.9197701,-2.619244,-2.440086,0.11556412,-0.9722633
367,0.7959024,-0.43206537,-2.0414813,-1.7181838,1.2938132,-0.73076445
368,1.0732712,-1.130915,-2.1076686,-1.3405244,0.8861643,-1.0568551
369,0.33133838,0.8391733,-2.441904,-1.1380918,0.89650846,0.35386464
370,1.5503116,-0.547034,-1.7124808,-0.42973673,1.3364202,0.1187073
371,0.23987898,0.8778094,-2.5412226,-0.85659015,0.10399702,0.98006964
372,0.57960296,-0.74650145,-2.2107074,-1.6167104,0.5855754,-1.2677703
373,-0.0031781495,0.9604616,-2.7406912,-1.9137461,0.38508815,-0.073129535
374,0.039067835,-0.15033662,-2.6499572,-1.8773148,-0.13586581,0.29042736
375,0.5428376,-0.9644176,-2.3932142,-1.2936991,0.3033678,-0.64820504
376,0.9563122,-0.29642725,-2.041571,-0.81251514,0.8693216,-0.8443918
377,0.51504207,-0.9029504,-2.344135,-1.9518299,0.71445036,-0.67464405
378,-0.42096952,0.47279072,-2.9167843,-1.4922314,-0.20276143,0.89424026
379,0.21360019,0.43404114,-2.700381,-2.9062667,-0.021515936,0.4661664
380,1.486204,-0.37324584,-1.5417683,-1.4703221,1.0454788,-0.34945723
381,-0.11647293,0.51808727,-2.7546809,-1.8737186,0.13065983,0.3351473
382,0.3832654,-0.6914154,-2.5660288,-2.6716113,0.6187933,-0.64373124
383,-0.064628154,-0.49878645,-2.8763342,-2.5719483,0.18385158,-0.31412706
384,0.26615366,-1.1547462,-2.4294143,-1.441553,-0.071380466,-1.4742059
385,-0.12996653,0.7948006,-2.618661,-0.90626353,-0.81478345,0.8181093
386,0.7078073,-0.043426037,-2.16683,-0.828382,0.8077579,-1.2410386
387,0.18916121,-1.1565906,-2.544981,-1.3696946,0.17917824,-0.3981697
388,0.5068066,1.1379075,-2.2628171,-2.2383323,0.43197316,1.3349801
389,1.1330192,0.9831603,-2.0458212,-0.89660645,1.2885746,0.6115674
390,0.702176,-1.6746393,-2.214388,-1.4771861,-0.11897534,-1.2984738
391,0.19824827,-1.17071,-2.7356832,-2.6707509,-0.045324042,-1.0696666
392,0.9378334,0.93977,-2.1100054,-1.3425789,0.7113272,1.3559895
393,-0.5077721,-0.083698034,-3.0982232,-2.487979,-0.31588253,-0.2852186
394,0.47997376,-0.64837086,-2.4740922,-2.0825093,0.59936816,-0.58017194
395,0.21178958,-0.22365773,-2.5614197,-1.78404,0.6126308,-0.31169283
396,0.23425034,-1.2458574,-2.5829718,-1.7042633,0.41133165,-0.8610178
397,0.73841345,1.6793168,-2.352745,-0.50345635,0.50253236,2.298492
398,0.12896219,0.74205744,-2.508318,-1.00672,0.16536632,0.19463414
399,-0.80901706,0.52780354,-3.017381,-1.2509037,-0.66963774,0.31434715
400,0.43650177,-0.743688,-2.501026,-2.1562638,0.6215207,-0.4226413
401,-0.22299162,-1.8827816,-2.8337526,-1.410825,-0.1921415,-2.191966
402,-0.35721764,-1.2465311,-2.821361,-1.8435596,-0.18678203,-0.5221696
403,0.75902796,-0.7379519,-2.0409458,-1.6784298,0.95031404,-1.4808899
404,0.11698851,1.2590554,-2.8023677,-1.7708383,0.353998,1.5229318
405,0.1430696,0.43128133,-2.6872997,-2.3148727,0.3729122,0.43218765
406,0.6011348,0.255347,-2.1869805,-1.9183521,0.53644985,0.31921193
407,-0.05963549,0.94624734,-2.6818802,-1.4644349,0.41741833,1.0652796
408,-0.3903059,-0.92020214,-2.972564,-2.129036,-0.15467963,-0.65181494
409,0.24827865,-0.24178731,-2.651153,-2.5144172,0.017393395,-0.25092956
410,1.4944361,-1.1187106,-1.6248085,-0.9690118,1.9631906,-0.85866725
411,0.8513596,-1.0729872,-2.1792912,-0.7628283,0.5608976,-1.0466785
412,-0.016694754,-0.54843414,-2.8421843,-2.6584032,0.039827276,-0.72583807
413,0.6994624,1.6817653,-2.3282125,-1.6018472,1.0667853,2.2091572
414,0.73683584,0.52148044,-2.1487627,-1.4703851,0.29237258,1.8321595
415,1.5940801,-0.8998126,-1.6707188,-0.4948383,1.2822053,-1.5860461
416,0.028690547,-1.3013314,-2.62999,-1.9746912,-0.05877474,-1.7503431
417,-0.04309967,2.3717332,-3.924215,-3.8674202,-0.11769218,2.740812
418,0.013544917,-0.78234994,-2.748287,-2.0765426,-0.051851206,-1.4084936
419,-0.01636663,-0.97584045,-2.660417,-1.8031352,0.05928807,-0.9783472
420,0.2831796,-1.5265249,-2.5182867,-2.0306492,0.16482599,-1.4119225
421,0.69902253,0.19557786,-2.1281548,-0.9562891,0.44756788,0.08694458
422,0.40323362,-1.1807996,-2.6266673,-1.0655255,0.56881267,-1.1712424
423,0.8244325,0.04831183,-2.0108128,-1.8345375,1.0264343,0.4884937
424,-0.2628707,-0.91932476,-3.1095839,-3.019771,-0.208304,-0.82479495
425,0.35845217,-0.74890137,-2.6512494,-0.90949637,0.21716116,-0.080744624
426,0.37944612,0.22765255,-2.3462222,-1.089824,0.383294,0.11099295
427,0.02680561,0.57698125,-2.5595014,-0.6729629,0.09412135,1.3261962
428,1.1537455,-0.694512,-1.9251361,-1.7350549,1.331786,-0.2989452
429,-0.017764121,-0.4481486,-2.710946,-2.0397177,0.37460393,-0.51147825
430,-0.6043097,1.5853508,-3.6396394,-3.8659568,-0.69248307,1.5715027
431,0.2808533,1.8986152,-2.539226,-1.2333338,0.43913057,2.1465309
432,-0.2304531,-0.86226714,-2.8894012,-2.2414956,-0.12424095,-0.59404445
433,0.06298378,-0.71973026,-2.5158494,-0.9747251,0.27928227,-1.6019342
434,-0.33265862,0.72092366,-3.0634875,-2.9421694,-0.4986602,0.49869433
435,0.69355714,-0.30492854,-2.216216,-2.2857656,0.897715,-0.6166212
436,0.9910039,0.3295952,-2.017182,-1.0139332,1.2462845,0.00011718273
437,-0.19900748,-1.7740844,-2.9249802,-1.1788307,-0.067658186,-0.8740752
438,1.2435055,0.18954366,-1.8724403,-0.7359446,0.9941844,-0.20108911
439,-0.50825524,-0.8561636,-2.8392777,-1.4265472,-0.4717096,-0.68399155
440,1.7037212,-0.8315728,-1.5785352,-0.50654316,1.9944896,-0.23234177
441,1.4094846,-0.116656065,-1.5701786,-1.6412928,1.516037,-0.95537686
442,-0.113788635,-0.67306745,-2.6864583,-1.7172947,0.3045992,-1.2615144
443,0.17100939,-0.5522388,-2.6755142,-2.1955357,-0.18979663,-0.40864807
444,-0.45130286,1.527533,-3.346343,-3.1293254,-0.22757486,1.6721113
445,0.52408564,1.6721035,-2.5134583,-0.8800193,0.7359329,1.407114
446,-0.13975045,0.66967505,-2.76999,-1.6831187,0.30641302,0.947207
447,0.5995519,-1.8097671,-2.568229,-1.315842,1.1945717,-1.3950545
448,-0.45634732,0.1164999,-3.0197325,-2.397565,-0.32615975,0.19390225
449,0.78982544,1.4051144,-2.2462363,-0.7459183,0.26175666,0.9444557
450,-0.6163249,-1.1161765,-3.1577015,-2.6315393,-0.6381003,-1.2683713
451,-0.96878445,-0.69288206,-3.2375927,-1.7404535,-0.87303686,-0.8394251
452,0.5435852,2.2261338,-2.8068025,-1.8947011,0.25189134,2.1186523
453,-0.19043335,-1.6731528,-2.7291265,-2.0772014,-0.23416333,-1.3370736
454,-8.562207e-05,0.41208088,-2.6473534,-1.499764,0.00015503797,-0.28354502
455,0.7324681,-0.028928638,-2.4263723,-0.6356284,0.7767529,0.74702495
456,0.3463153,0.8836877,-2.5510151,-0.86722726,0.6292827,1.301496
457,1.1125221,-0.5992367,-1.9228933,-1.0447679,1.2727103,-1.2844777
458,0.659513,-0.029978633,-2.2606785,-0.88318264,0.6335146,0.13943449
459,0.4681975,-1.6709245,-2.3614836,-0.9811504,0.17786539,-1.7529773
460,0.829278,1.7307389,-2.2513037,-0.8291634,0.58150667,2.5450187
461,0.3266708,-0.8405727,-2.4874125,-0.8028791,0.6743868,-1.1269224
462,0.4980102,-1.6240064,-2.3025553,-1.4413661,0.3515256,-1.785183
463,0.041064233,1.8891412,-3.680901,-2.4452114,-0.269028,2.0233
464,-0.11498502,0.29582572,-2.6725478,-1.4229904,0.17228338,0.19994879
465,0.53810394,-0.16908729,-2.2724125,-0.7710254,0.94704366,0.16162017
466,1.0719404,0.16577125,-1.9715033,-0.97844785,1.117739,-0.69696015
467,0.49065885,0.58496857,-2.3351114,-1.9883698,0.40577978,0.7995211
468,0.65446925,-0.816995,-2.1385772,-1.567788,0.9174583,-1.546767
469,0.16716859,-1.6127442,-2.700137,-1.3495615,0.18032685,-2.0473924
470,0.21392307,2.421214,-2.9296365,-1.8270247,0.25227425,2.292456
471,0.3839961,0.33541262,-2.3995597,-1.5930388,0.27186358,-0.18747705
472,-0.02267304,2.0370574,-3.0148635,-2.453875,0.11204891,2.0295544
473,0.036756366,1.2824569,-3.1890488,-1.7247016,-0.24766636,1.434615
474,0.3143145,0.017543197,-3.2825303,-2.0183887,0.031959474,0.3330738
475,-0.5362315,0.2897091,-3.0673144,-2.0326364,-0.45687315,0.36678606
476,0.8271581,1.6105415,-2.4059956,-1.0732689,0.81282127,1.5214734
477,0.0418815,0.45678234,-2.7944188,-2.5766354,0.049955595,0.23223522
478,0.32826558,0.21063238,-2.4552534,-1.978337,0.2965133,-0.00613451
479,0.69893104,-0.888082,-2.3266215,-2.3874166,1.0549575,-0.93892115
480,-0.86646855,-1.3179024,-3.1104336,-1.787507,-0.65659785,-1.6929774
481,-0.13520452,-0.09490049,-2.8740957,-2.2383976,-0.2111924,0.48971504
482,1.1937557,0.21397465,-1.852701,-1.4199047,1.1993394,0.30322927
483,0.5295005,-1.0440298,-2.435191,-2.2752838,0.6872375,-1.1858624
484,0.3117012,0.4175638,-2.333464,-0.8765781,0.4795372,0.8039011
485,0.68471575,0.025769949,-2.1266677,-1.666881,0.8720471,0.547077
486,-0.20249423,0.028427124,-2.893541,-2.2399592,0.14058298,0.35468528
487,-0.4448149,0.008947849,-2.887267,-1.654352,-0.60013074,0.32134786
488,0.1306226,0.5373769,-2.6049218,-1.7403241,0.12956797,0.23539516
489,0.84708893,0.71461576,-2.171804,-1.5035396,0.39562875,0.56696886
490,0.45499936,0.36677492,-2.2469494,-1.4080617,0.6610223,0.6904982
491,0.11476269,-1.0121788,-2.7967138,-2.7203379,0.46413362,-0.88225794
492,0.77783155,1.0897504,-2.2436204,-1.2659388,0.73714286,1.2297949
493,0.42839208,0.25265485,-2.399693,-1.9502845,0.22741473,0.2846308
494,1.0788419,0.11223066,-1.9310639,-1.3411422,1.3749212,-0.7573698
495,-0.04813549,0.23758298,-2.8248231,-2.4764013,0.01567246,-0.10366961
496,0.4971921,1.2599865,-2.4542491,-2.0252247,0.6229857,1.0351194
497,-0.3354679,-0.779837,-3.0042472,-2.657084,-0.2625684,-0.25010002
498,0.4837034,-0.9991609,-2.4768534,-1.424378,1.0000951,-0.90946287
499,1.1505513,-0.5142454,-1.790077,-1.8642575,1.0214553,-0.36939773
500,1.4806236,-0.090899944,-1.6901661,-0.66092426,1.5909104,0.105982855
501,0.57704854,0.43672466,-2.2327456,-1.2159907,0.73078907,0.46768484
502,0.41350636,-2.0656018,-2.5337746,-0.88861036,0.35510117,-1.4090663
503,0.96782064,-1.1697277,-2.0478005,-2.1625953,1.26191,-1.2998178
504,0.8612387,-0.3589301,-2.0312548,-1.764077,0.67141515,0.57551694
505,0.76692474,0.96561456,-2.188338,-1.5857463,0.82377154,1.1855186
506,-0.31610283,0.3488642,-2.823032,-1.4569523,-0.29700387,0.26291424
507,-0.3215874,0.8112854,-3.007021,-2.490397,-0.23142633,0.99558765
508,1.017346,0.6985805,-2.0461204,-0.8457722,1.250211,0.99713707
509,0.6778184,1.88977,-2.415204,-1.117967,0.55402905,1.2174592
510,0.86578834,1.1241305,-2.0941272,-1.7058066,0.56907237,1.2764345
511,0.06836656,0.40051758,-2.72246,-2.4438472,0.11022482,0.3950965
512,0.935757,1.5462248,-2.1765666,-1.0264732,0.6564355,1.9171544
513,0.042286575,0.37653458,-2.7895522,-2.574179,-0.42387393,0.18730666
514,0.28696474,-0.19623983,-2.5758357,-2.2420187,0.17272551,0.06454012
515,-0.21389028,-0.64563954,-2.9196417,-2.8394277,-0.098455735,-0.69288063
516,0.69774044,0.42068475,-2.2021565,-1.105833,1.1023135,0.24911292
517,-0.9928644,0.19868928,-3.2556648,-1.8672309,-1.3957716,0.5876163
518,-0.3131065,0.7231426,-2.8237853,-1.5560391,-0.5542745,0.34482816
519,0.5321183,-0.80873454,-2.2247186,-1.6458747,-0.13498819,-0.6602016
520,-0.7681265,0.5764744,-3.2391171,-2.2984266,-0.6975045,0.2434707
521,-0.20538887,0.83784205,-2.6690571,-0.7768515,-0.47467542,1.4706082
522,1.5640073,0.8044581,-1.7049947,-0.9650362,1.6236184,0.7535491
523,2.0721464,-0.26779962,-1.4268819,-0.40220642,2.5036154,-0.027623072
524,0.13593718,-0.63623285,-2.5912733,-2.0090556,0.35676795,-0.025541961
525,1.5719943,0.87254184,-1.7424461,-0.35644746,1.496694,0.68271893
526,0.8304925,0.7485734,-2.2956328,-1.0105624,1.0500447,1.1010118
527,-0.17723176,-0.52356386,-2.9499953,-2.7354765,-0.44189307,-0.30520296
528,-0.084040254,-0.34872544,-2.8314426,-2.5062,-0.17764316,-0.26271284
529,0.9758687,0.34976476,-2.1137083,-0.92642874,0.55000305,0.48541492
530,-0.2923781,-0.11149943,-2.8196914,-1.9751773,-0.34724218,-0.109144375
531,0.448885,-1.2387265,-2.247486,-1.5340112,0.4299564,-1.6714306
532,-0.29444143,-1.6893159,-2.8781745,-1.0541155,-0.6526419,-2.1983361
533,0.74289155,1.7257905,-2.415905,-1.5392869,0.50588024,2.217149
534,0.6168579,1.6386263,-2.3635404,-1.5364625,0.49860448,1.2520599
535,0.7682674,0.29465324,-2.0921814,-1.85845,1.1949989,0.12812856
536,0.3097277,0.4634142,-2.3878207,-1.2248132,-0.1417273,0.18681967
537,1.0226877,0.60622954,-2.090454,-0.47486508,0.8477332,0.47653604
538,1.1880286,-0.81365836,-1.884227,-1.2436868,2.1043973,-1.2959439
539,0.28319302,-0.34453142,-2.6363735,-2.4134815,0.29221314,0.39179832
540,1.1091127,1.0314186,-2.140437,-0.76117986,0.8961734,1.6228347
541,0.55124116,1.3610346,-2.320674,-1.7457228,0.6245642,1.8998027
542,0.29740623,1.7760867,-3.353162,-2.8795567,0.119167134,2.1178184
543,1.6523548,0.23629189,-1.6300589,-1.3351431,1.6769048,0.3165359
544,0.90555304,0.24808955,-2.093235,-0.9373919,1.2808822,0.16488412
545,0.11446199,0.41476023,-2.678514,-2.2455764,-0.19665924,-0.38046622
546,0.038178027,0.9429383,-2.6698792,-2.5695353,0.10291382,0.9035506
547,-0.19857153,-0.44846058,-2.8056612,-2.2117953,-0.1659164,0.021191835
548,0.9115472,1.5052506,-2.3296218,-1.130754,0.59906995,0.9465398
549,0.69560456,-0.65165925,-2.3022006,-2.227621,0.2913609,-0.54617375
550,-0.40316805,2.8296645,-4.3810472,-4.350739,-0.3054369,2.8182755
551,1.3164574,-1.1344069,-1.771472,-0.944837,0.42021894,-1.2987546
552,0.7925118,0.30747193,-2.0918405,-1.1076202,0.8092799,0.44596446
553,1.0294454,0.039401412,-2.0317545,-0.54018074,1.0251588,0.6474641
554,-0.27892575,-1.5068587,-2.6903932,-1.666794,-0.5896205,-1.2375792
555,0.46900007,-1.544834,-2.4371407,-1.0215888,0.610104,-1.0325427
556,0.08876845,0.09342432,-2.7564728,-0.42654032,0.10314618,-0.07586852
557,0.31463942,-0.26584888,-2.4210343,-1.3226306,0.2170268,-0.29040638
558,-0.16415939,-0.1718911,-2.8946571,-2.2573385,-0.049908742,0.08838564
559,0.56570995,-1.3948835,-2.3283958,-2.0067115,1.1948937,-1.1009084
560,0.36899707,-1.0318362,-2.5217006,-1.8856671,0.27337554,-0.7717035
561,0.22088417,-0.77620876,-2.5285282,-1.9829929,0.28281042,-0.9777124
562,0.19145146,0.5200273,-2.5725744,-1.8445195,0.26540613,0.98604584
563,1.2934424,0.004674673,-1.7448581,-1.4820535,1.6562217,0.4100082
564,0.123921126,1.1227835,-2.579934,-2.009733,-0.17005378,1.0860885
565,0.32685915,0.8595824,-2.519312,-1.0112842,0.77169627,0.26507038
566,0.7246778,0.20798099,-2.134252,-1.7921579,0.96225667,-0.19307789
567,0.8947823,0.32023466,-1.983159,-1.7682302,1.1766559,0.08091231
568,0.41893664,-2.3511138,-2.9313025,-1.8403298,0.38504785,-2.0197425
569,-0.43208316,0.66083777,-3.0765617,-2.5170546,-0.20613648,0.12868875
570,0.08001581,-1.1254476,-2.7187457,-2.319003,0.009206869,-1.3434305
571,1.214214,-1.5368091,-1.9396095,-0.8131249,1.389228,-1.6666579
572,0.41072807,-2.0366368,-2.447114,-0.6800175,0.49881577,-3.5689273
573,0.30249086,0.2788378,-2.4762247,-1.7268939,0.50953704,0.0526589
574,-0.3287525,0.51702166,-2.8974285,-1.7056094,-0.506148,0.3091331
575,0.8910922,0.6076123,-2.2939072,-0.6322266,0.841448,0.86877894
576,-0.3134841,-0.86578524,-2.8747816,-1.9555001,-0.56780404,-1.3206807
577,0.19653401,-0.8522755,-2.6423242,-2.3238819,0.0022346377,-0.78779095
578,-0.5089781,0.3573264,-3.130111,-2.679663,-0.27079147,0.5216912
579,0.6751566,-0.12065077,-2.166986,-1.701988,0.7353045,-0.3094284
580,0.85091734,-1.1128453,-2.1943524,-0.82264686,0.5726171,-1.2899446
581,0.4710116,-0.0996964,-2.3445163,-1.9294485,0.966858,0.4428845
582,0.01584974,-1.6739153,-2.572728,-1.2201709,-0.009078525,-2.2255719
583,-0.05597624,-0.08325875,-2.841357,-2.4987993,0.07131784,-0.37302044
584,-0.11259362,-0.37914574,-2.7323961,-1.6818268,-0.02819226,-0.8775219
585,0.5956615,-0.3395276,-2.3209376,-2.2359567,0.5211521,0.257362
586,0.59556115,0.44660175,-2.3414998,-2.619092,0.7721021,0.3969396
587,1.0169002,-0.53135383,-1.9106783,-1.813154,1.6288228,-0.11135289
588,0.4534854,0.5094196,-2.2735994,-1.2139046,0.4523102,0.4296177
589,0.27007994,-1.7017106,-2.592801,-1.4791033,0.9974667,-1.4218102
590,1.597017,-0.29901564,-1.6343577,-0.57499766,1.4398795,1.1381073
591,0.34301212,0.16106021,-2.461458,-1.8737712,0.09824385,-0.56465346
592,0.3957704,0.12447345,-2.3424819,-1.6586703,0.264175,0.26288202
593,0.6287154,-0.5009637,-2.3103971,-2.1793714,0.6024132,-0.8420308
594,1.1290603,0.20756388,-1.9592116,-0.90561026,1.7551575,-0.18860167
595,0.6450616,-1.1948794,-2.4372826,-0.5508747,1.0164382,-1.089619
596,0.2780464,0.47681022,-2.6077056,-2.566975,0.48285687,0.8062925
597,0.41188195,2.243162,-3.3726058,-2.9979963,0.74000394,2.252322
598,0.009447664,-0.9444927,-2.5817647,-0.7327342,0.43288612,-0.8887924
599,1.0285883,0.053152084,-1.8542304,-1.7971346,0.63902825,0.09462659
600,1.042821,-1.3644322,-2.0496314,-0.8704573,1.3744828,-1.3590167
601,0.057634145,-1.0165793,-2.8194308,-2.7336695,0.23100632,-1.2923526
602,0.6357268,2.352951,-2.9083772,-2.2840614,0.51349616,2.2606385
603,-0.4217746,-0.33366013,-2.8513522,-1.7778463,-0.43510556,-0.06844556
604,-0.09878823,-1.5917994,-2.682765,-2.079846,0.024531126,-1.7368051
605,0.88033855,-1.6809229,-2.1264892,-0.8951609,0.39489883,0.30403054
606,0.19984272,-1.4536127,-2.561,-0.9306537,0.677019,-0.5340456
607,1.2779962,1.3937094,-1.9442242,-1.1574645,0.4171331,1.7039487
608,0.47748342,0.5699756,-2.4088073,-0.64467525,1.1803284,0.6281702
609,-0.184715,0.72654223,-2.9434485,-2.6630278,-0.3735522,0.8301588
610,0.4172208,-0.8706076,-2.558922,-1.5626926,0.7605294,-0.87624764
611,0.08760217,-0.36274934,-2.7659833,-2.4310436,0.4355371,-0.47511113
612,0.8177327,-1.1657389,-2.1280782,-1.4439526,0.786178,-0.89564776
613,-0.09774837,-1.5506233,-2.654191,-1.9082623,-0.29329044,-2.1247134
614,0.58640015,0.30433673,-2.2412431,-1.8463502,0.79992425,-0.21010554
615,-0.2581385,1.7616024,-3.7805665,-2.4858909,-0.11317021,1.7912691
616,0.64266896,0.39495927,-2.2283475,-2.0546846,0.88324237,1.0651412
617,0.46131417,-1.3914336,-2.4247077,-1.9669052,0.30095497,-1.3839971
618,0.42301545,1.5551944,-2.8912165,-2.2935157,0.69397765,1.7017171
619,-0.37910053,-0.57859147,-3.019214,-2.8678718,-0.5125689,-0.24679497
620,-0.024421304,-0.38982773,-2.7921498,-2.5507796,-0.06288025,-0.27259898
621,1.0510345,0.27495557,-1.9525244,-1.5993552,1.0240704,-0.083942205
622,0.7175499,0.17747498,-2.0544233,-1.2396315,0.52445924,0.1973213
623,0.47363928,-0.7502333,-2.4839964,-0.8136685,0.7125917,0.23793072
624,0.5304222,-1.3642317,-2.5761726,-0.7468773,0.7077168,-0.46497697
625,0.8361187,-0.85330045,-2.005675,-1.7409707,1.2492403,-0.8311347
626,0.69959223,0.4389807,-2.2418482,-2.2141504,0.3750095,0.9812695
627,-0.18015507,-0.007309556,-2.8829062,-1.9520781,0.045312658,-0.36776423
628,1.2421154,-0.89047945,-1.740631,-1.5005037,1.0351739,-0.40912005
629,1.2567064,0.8591743,-1.98114,-0.6497327,1.2897263,-0.009970725
630,-0.5763842,0.84862316,-2.9793656,-1.6709485,-0.50160015,0.51067597
631,-0.14188334,0.43440628,-2.7071931,-1.4912484,-0.23880142,0.24248998
632,-0.47729334,0.47716773,-3.0054386,-1.8824393,-0.4433509,0.28192967
633,0.19404963,-0.5652027,-2.6300936,-2.130168,0.13828003,-0.28510922
634,-0.041854173,-0.6656337,-2.7523532,-2.3769841,0.6391225,-0.9374207
635,0.49559286,-0.32360017,-2.4806814,-0.7390749,0.74016285,-0.9567801
636,0.6674154,-0.81497085,-2.2682722,-2.1455564,0.88997847,-0.70647746
637,0.2714304,-0.44149053,-2.4565048,-1.7667105,0.27006444,-0.7774813
638,0.89610803,-1.5485975,-2.35572,-1.0672941,1.2206624,-1.2876955
639,0.43118945,0.039607048,-2.3331513,-1.424118,0.13819686,-0.3838571
640,0.99246764,0.2874732,-1.9330301,-2.0329304,1.5374266,0.23741728
641,0.9537115,1.906855,-2.287376,-1.0631378,0.43016142,1.5300616
642,0.011805743,0.9217278,-2.69207,-1.7597408,0.021052817,0.9120644
643,0.07733682,0.08963001,-2.6489258,-1.9234791,0.06966536,-0.16480857
644,0.1916335,1.8243903,-2.772016,-1.4304197,-0.057970762,2.2993183
645,0.43227026,-1.3265079,-2.6214695,-0.7523492,0.15353417,-1.4319807
646,-0.1449528,0.66536,-2.7914977,-1.7694216,-0.12590419,0.72401565
647,1.6393496,0.76310796,-1.6822941,-0.6530786,1.6019732,0.92468643
648,0.06531778,0.4416058,-2.49225,-1.1581825,-0.41484806,-0.30367666
649,0.38617828,-1.5184399,-2.5710375,-1.6076967,0.5271001,-1.7387505
650,-0.5804218,-0.012381911,-2.9032464,-1.0954895,-0.7130272,1.0239046
651,1.1472545,-1.7095345,-1.9579096,-0.69127846,0.86486435,-0.7789145
652,-0.40435967,0.43432558,-2.9099696,-1.6236866,-0.39984587,0.22335528
653,-0.5411186,-0.81635845,-2.9959283,-2.4958463,-0.83047366,-0.96275353
654,-0.124889106,-0.9122306,-2.8349333,-2.3177812,0.14771417,-1.0134455
655,1.3340812,0.08000028,-1.7691165,-1.1672592,2.1588058,0.6853952
656,-0.46424565,-1.0478226,-3.062218,-2.7333975,-0.13652882,-1.0120078
657,0.41046253,-0.2189095,-2.4217362,-1.9303417,-0.30725476,0.6122585
658,1.0427638,0.76944685,-2.1480324,-0.60582006,1.3756583,1.113507
659,0.22344568,-1.1046077,-2.676268,-2.176444,-0.17416638,-1.1691132
660,0.0023894608,-1.2545723,-3.0965655,-1.4524063,0.1263814,-2.2519536
661,-0.055740148,0.8974912,-2.607952,-0.4370994,0.36464176,1.4267523
662,-0.67290545,1.4190681,-3.5864005,-2.7212029,-0.75603473,1.5506182
663,1.1741873,-1.3721298,-1.9591081,-0.72716814,1.5489864,-0.62414813
664,0.84834206,0.1701845,-2.259254,-0.55377924,1.0336378,0.030551106
665,0.0067186058,-1.6613387,-2.5777771,-0.9990945,-0.61098695,-2.0526102
666,0.457167,-1.5491601,-2.375343,-1.0641904,0.41945633,-1.33454
667,-0.18066612,0.60863507,-2.8499184,-2.0764763,-0.39820534,0.34968784
668,0.060427934,0.71970403,-2.494371,-0.96825224,-0.3069835,0.054894686
669,0.21634713,-0.8938997,-2.4464262,-1.4343168,0.4031221,-1.2681804
670,1.8736163,1.1641731,-1.6136308,-0.79184663,2.068256,0.64099514
671,-0.5617527,1.1496865,-3.1254022,-2.361973,-0.5745811,1.4920936
672,0.52314997,0.38843036,-2.311957,-1.9667228,0.024463862,0.3715914
673,0.52027273,-0.49139738,-2.3309011,-1.8445686,0.24294913,-0.9679482
674,0.7046658,0.23726696,-2.2267587,-2.6277869,1.0272117,0.2504867
675,-0.33392563,1.4836712,-3.0144136,-2.077126,-0.52233374,2.0266957
676,-0.16889629,-1.3802274,-2.7704852,-1.9801694,-0.054832645,-1.4374735
677,1.5935591,-0.33235765,-1.503706,-1.2318442,1.2433859,0.7227732
678,0.34096923,0.50111717,-2.4323816,-1.7077916,0.21797314,0.5721776
679,0.15067956,-1.1775602,-2.4822872,-1.4236869,-0.10621652,-0.8669939
680,1.6601357,0.29057866,-1.6165853,-0.4642446,1.5229056,0.044061646
681,0.43026057,0.5273912,-2.255919,-1.4237003,0.42340782,0.6863175
682,0.04236859,-0.13117564,-2.7627716,-2.394537,0.52859783,-0.0893244
683,1.369083,0.89993733,-1.9019177,-0.87769306,0.7722025,0.63827574
684,-0.18294904,-1.492839,-2.673813,-1.1087006,-0.6543964,-1.3890729
685,-0.66840184,0.711977,-3.2206743,-2.5200672,-0.88056654,0.34893525
686,0.92965186,-0.69163704,-2.094221,-0.87110984,0.20222336,-1.1597426
687,0.5759671,-1.587973,-2.5393648,-0.59561276,0.7519092,-1.7393873
688,-0.21091506,-1.9355003,-2.793377,-2.097522,-0.36733603,-1.4731921
689,0.39627424,-0.2820456,-2.562668,-1.3854448,0.26479667,0.37680525
690,-0.08775821,-1.9074854,-2.7103004,-0.98879325,0.07123408,-1.8265362
691,0.36861476,1.2285557,-2.6201856,-1.1010276,0.30017155,0.2516542
692,0.24250355,0.58048797,-2.579314,-2.3008213,-0.06273648,0.76269627
693,-0.025871366,-0.33594728,-2.8056102,-2.274743,-0.10330244,-0.57872236
694,-0.42879066,0.35434353,-3.0606189,-2.4277983,0.30388293,0.4160009
695,-0.06794885,1.7011247,-3.0705829,-2.3682516,-0.0018288121,1.781363
696,0.29571375,1.252517,-2.463647,-1.5901339,0.15688859,1.3291434
697,0.07559112,0.3488269,-2.5473688,-1.3387752,0.4074197,0.35969296
698,-0.28290436,1.037795,-2.9682589,-2.5088239,-0.19803031,0.30243695
699,0.039905936,-1.219181,-2.7655113,-1.338953,-0.093380675,-1.6277525
700,0.34768525,0.0050445795,-2.63684,-0.5674513,0.14941162,-0.18016958
701,0.4377416,0.3592701,-2.4834235,-2.8069713,0.20231962,0.1625826
702,0.66931045,-0.556739,-2.2202532,-0.852226,0.89972115,0.042984188
703,1.3995026,0.3127957,-1.7279183,-1.4132379,2.0365443,0.05759126
704,0.6128055,-0.23599482,-2.258645,-1.892049,0.8265258,0.11582267
705,0.77462494,0.006575465,-2.1257267,-2.3882608,1.5268642,0.50773376
706,0.26561132,0.1419316,-2.5797877,-2.6633916,-0.107240885,0.04978364
707,0.6721549,-1.1286474,-2.2663836,-1.9831713,0.8126369,-1.3700489
708,0.8863684,-1.2358161,-2.0304315,-1.3643214,1.3778467,-1.5311182
709,0.86686355,0.5048938,-2.049629,-1.9155184,0.3459913,0.6334753
710,-0.42391774,1.7624707,-3.524462,-2.4222822,-0.3205174,1.5544689
711,0.7929313,0.32905948,-2.0088797,-1.6306777,0.79481864,-0.08305234
712,0.39287606,-0.5783862,-2.4850574,-1.8211949,0.11240211,-1.0069886
713,-0.16969737,0.26587784,-2.921341,-2.677907,-0.65341115,0.03320566
714,0.23295525,-0.49400425,-3.1534803,-2.014039,-0.06045863,-0.3320726
715,0.101783544,1.1596886,-2.640197,-2.0720167,-0.26752135,1.1377418
716,1.4043512,-1.5254756,-1.8033221,-0.62987226,1.6512196,-1.6224903
717,0.23447666,-0.16196692,-2.479843,-0.926467,0.4483087,0.22730672
718,1.4907229,-0.6543168,-1.7394814,-0.5305076,2.0280006,-1.7955269
719,0.9470782,-1.8535191,-2.1447103,-0.5906359,1.4433985,-2.830975
720,1.1213819,-0.6022965,-1.8753475,-1.3184603,1.2905985,-0.11343536
721,-0.4531848,-0.81212986,-2.873054,-1.6443752,-0.5275453,-0.2604558
722,-0.007236719,-1.2674216,-2.6459532,-1.7816551,0.15775533,-0.5027671
723,0.3081738,-0.03815937,-2.4591913,-1.4722352,0.22599362,-0.113606654
724,0.37293848,1.5201042,-2.4793255,-1.7577982,0.70145905,2.060923
725,0.77807283,-1.8481036,-2.2553017,-0.6827159,1.0952642,-2.6587677
726,0.5799314,0.1663276,-2.2549007,-1.8033813,0.93414736,0.30721235
727,1.0280147,1.0938033,-2.1680305,-0.8407692,1.3614752,1.5782355
728,0.30396327,0.43302894,-2.536893,-2.3958259,0.38215697,0.48029676
729,0.5581825,-0.6773678,-2.3713465,-2.1680222,0.32092926,-0.5858508
730,0.3474988,0.2533791,-2.3343601,-1.4310162,0.55172306,-0.1911175
731,0.45922795,-0.5992168,-2.451817,-2.1313434,0.25796193,-0.6103244
732,0.16113064,-1.5577217,-2.6942313,-1.6034673,-0.07604402,-1.3019977
733,-0.27367935,-0.53515875,-2.8371677,-2.1923351,-0.29435387,-0.7486851
734,-0.42037436,-0.66964805,-2.8957946,-1.9712434,-0.4812986,-1.1052315
735,-0.14417955,-1.1612195,-2.6832306,-1.8890414,-0.120425716,-0.349387
736,1.2327436,0.71976954,-1.9802641,-0.7449358,2.0163136,0.3773061
737,0.6686144,-0.3773787,-2.2750435,-2.2876134,0.8322624,-0.72143936
738,0.09739444,-1.759756,-2.6555052,-1.4017245,0.44357997,-2.3543491
739,0.27009585,-0.8379234,-2.4628756,-1.5629984,0.6633141,-0.5645741
740,1.3409101,-0.31181753,-1.6304183,-1.4162517,0.5442762,-0.83846295
741,0.2463896,0.13586861,-2.432115,-1.2995204,0.3765788,-0.20364046
742,0.38337007,0.32427526,-2.5379367,-2.8794217,0.66555667,0.5765101
743,0.1666337,-0.45517147,-2.5260606,-1.7648644,0.36464244,0.1971246
744,1.2326759,0.2565151,-1.8317225,-1.6096525,1.3774067,-0.9504561
745,0.23605362,-1.1851801,-2.5986779,-2.1966252,0.4146797,-0.98638505
