,latent_mean_0,latent_mean_1,latent_mean_2,latent_mean_3,latent_logvar_0,latent_logvar_1,latent_logvar_2,latent_logvar_3,Gaussian_latent_var_feature_{i},Gaussian_latent_var_feature_{i},Gaussian_latent_var_feature_{i},Gaussian_latent_var_feature_{i}
0,4.234301,1.962057,-3.0044084,1.7753347,0.3178687,0.01761657,-0.535506,-0.1383323,5.69273,2.4684236,-3.2847612,1.444601
1,1.6814995,-3.9409785,1.0173507,4.490146,-1.8856701,0.54368484,-1.0180353,-0.78349996,1.6254556,-4.660011,0.7952886,3.9230785
2,1.2962112,-2.9500654,-0.10506576,0.10000114,-1.8013841,-0.3469709,-0.67110556,-0.8940843,0.6471954,-3.2922075,0.60149086,-0.11981432
3,-0.187132,0.7600194,-0.58371645,1.173829,-2.791381,-0.79885304,-1.0634995,-1.73227,0.13839033,1.3308496,-0.0001462698,1.9082276
4,3.4004982,-0.8331484,1.6086628,-1.4195297,-0.5051055,-0.09054491,0.6012237,0.06438744,3.2391212,-0.31870228,1.0623264,-0.98214173
5,1.4115753,-1.8023068,0.9943568,-2.4017673,-1.7260892,-0.6705687,-0.05961597,-0.47492445,1.2614224,-1.5478975,0.60100925,-3.016152
6,0.909126,2.1574533,-0.20044881,-1.6493536,-2.0597925,-1.4474483,-0.29525414,-0.8555629,0.7085111,2.4311404,-0.30960506,-2.5145757
7,2.2218745,-2.3103867,-2.8212247,-1.8565694,-1.1976852,-0.49852413,-0.47352928,-0.22787035,2.3987472,-2.0352619,-3.4306464,-1.001291
8,2.1368587,-0.89700395,1.0056362,0.9635397,-1.3258841,-0.0003349185,-0.22204286,-0.55242103,1.9601877,-1.2428148,-0.17979395,1.061097
9,1.8841579,-1.336637,-2.2714157,5.0230927,-1.9306284,0.40377527,-1.1120015,-0.8320525,2.4347785,-0.7259145,-1.6999054,5.23127
10,0.30004287,-1.4137164,1.3398387,1.0592151,-2.5472686,-0.59918785,-0.9453385,-1.4930402,-0.22525859,-3.8577166,1.0102286,1.3995212
11,6.2650146,0.97392964,-4.503731,-2.395199,1.5977092,-0.40125477,0.3346802,0.93543875,6.65799,1.9416873,-2.246757,-0.42550623
12,2.0102327,-0.22129358,-1.2092183,3.1285028,-1.54255,0.37756026,-0.7061353,-0.61744905,2.6283455,1.7220633,-1.4861848,2.3544846
13,5.630371,0.12090568,-2.6445668,1.3021954,0.814754,0.7941729,0.3835746,0.8500885,6.846239,-1.0177473,-2.823272,0.39181453
14,3.8423312,-0.23066233,-1.5894284,0.97234833,-0.38981342,0.4509387,0.14215183,0.24601114,1.5219357,-1.3221805,-1.9942049,0.4196847
15,2.0186486,-0.72118706,-1.449775,2.3343062,-1.4878738,0.20155418,-0.6652279,-0.5860345,1.5191574,-1.9370372,-1.7695228,2.4171486
16,1.1085255,0.75930077,-2.2881134,1.3732203,-2.0082388,-0.37137294,-0.92170346,-1.0552883,1.3207186,1.5899167,-1.7464776,1.6005319
17,0.18240517,2.5887923,1.1571972,0.37953204,-2.7462733,-1.0759845,-0.76959807,-1.5096672,0.029174924,1.712896,1.199572,0.86399454
18,4.512779,-3.0045767,-4.5906644,3.724736,-0.51807165,0.75338197,-0.74762475,0.42426503,5.0948253,-0.5736911,-4.92126,2.382543
19,3.250263,-1.046902,-0.9647456,-0.83327097,-0.6040454,-0.06586921,0.17203027,0.024525285,4.59573,-0.7242297,-1.0991386,-0.1488871
20,1.1294186,0.41584545,2.3982725,-5.268041,-2.0155947,-1.3562725,0.5399884,-0.23360384,0.6308737,0.25221387,5.365183,-5.533798
21,2.281546,0.8398474,2.8437915,-0.62564266,-1.2201407,-0.32219014,0.27897668,-0.50864327,2.9293768,0.92095923,3.345016,0.83399165
22,2.252994,0.99199563,1.2952464,2.4286404,-1.4153389,0.27751553,-0.2836779,-0.53919554,3.120108,1.307362,0.767599,1.0401689
23,1.6248589,-0.44669753,-1.147888,-1.75826,-1.4671955,-0.7087965,-0.22038889,-0.4927534,1.9022096,-0.01188305,-1.0847716,-1.2122688
24,1.8697855,2.3127518,-1.0542006,-0.12108861,-1.3845384,-0.7635503,-0.40207225,-0.8244124,1.7589067,1.6967497,-0.16760683,-1.0224676
25,6.578682,-2.8296013,-1.9675615,-2.023345,1.2993598,0.6794034,1.2833844,1.5952424,4.0531235,-1.8746133,-3.433823,-3.7658858
26,0.6983406,-1.3909899,0.5993586,0.42611742,-2.1457639,-0.54658866,-0.72519875,-1.2445962,0.648297,-1.0885866,-0.2548223,-0.3897441
27,3.4211853,0.6938545,-2.0839899,0.6188736,-0.60943985,0.23968107,0.036630273,0.05954182,3.80747,-0.4392237,-1.2997689,-0.15199983
28,1.7638848,1.4115438,1.5816977,2.1621075,-1.7084022,0.006085217,-0.439826,-0.79227567,1.9717941,0.6677618,2.3402357,1.9859802
29,5.211562,1.5945573,-3.1416445,1.8789934,0.9925704,0.276819,-0.33815715,0.22252762,4.4793444,2.1536446,-2.6694782,1.5719397
30,1.3056271,-2.5526953,0.32793683,1.6536368,-1.8282068,-0.08831459,-0.7623446,-0.93388563,0.862373,-2.92799,0.67487025,1.6197333
31,3.5145414,-1.0571421,2.135291,-3.0675354,-0.37797093,-0.305904,0.9218198,0.2742654,1.7264603,-0.41830093,1.2949973,-3.3287957
32,3.271713,-1.5942887,0.8771278,1.1567785,-0.7098224,0.3784448,0.105843246,-0.031079829,3.3130941,-1.1666254,1.5541637,0.06528187
33,1.3012946,2.740247,-0.836711,0.41046053,-1.6786687,-1.0273137,-0.7115295,-1.1876943,0.47967136,2.5097823,-0.6440843,0.4675237
34,3.0992243,-1.0790572,-1.9543395,-2.4460037,-0.6058078,-0.38651642,0.15219742,0.13414407,2.7251863,-1.9365699,-1.6862288,-4.4295325
35,1.1927841,0.38236654,-1.6336868,0.59593964,-1.8556825,-0.4600678,-0.69516057,-0.9824652,1.3912961,0.5918699,-1.4130472,0.777499
36,1.7727392,-3.3241696,1.6455667,4.5932503,-1.85825,0.6444962,-0.963826,-0.69341063,0.89993674,-3.8678713,1.8794618,6.033968
37,2.555833,-0.07800667,3.7916117,-3.0418587,-0.93994474,-0.5212948,0.84642005,-0.07906538,2.870533,-0.272149,3.283057,-2.2341075
38,2.918827,-4.7345533,0.625447,4.0149245,-1.0610313,0.8194165,-0.59677666,-0.21605909,2.9790776,-4.8895864,-0.2699855,3.7261357
39,0.21811515,0.3688593,-0.70078593,-0.41971153,-2.4190512,-0.9860438,-0.7632563,-1.2930877,-0.40133095,0.20679653,-0.20866573,-0.56896263
40,5.130315,0.36832416,0.24436253,-2.601493,0.86660624,-0.20867357,0.88789237,0.5625068,2.6728806,1.1882148,2.038893,-3.733845
41,1.2396863,0.8871335,1.4040732,0.50108314,-1.8823123,-0.48017323,-0.38037327,-1.0075332,0.6832401,0.58400536,3.5460556,0.10802716
42,2.2523098,1.2584902,-1.4641054,2.7296093,-1.3854892,0.33911437,-0.5106602,-0.52488834,1.965073,3.8577347,-1.2404807,2.3279433
43,1.6350129,-5.715578,2.49057,4.21522,-1.9714246,0.62955487,-1.0259657,-0.7447355,2.2174184,-4.9997144,2.4907403,5.126337
44,1.7784009,-0.76179236,0.69185346,4.5188165,-1.8760874,0.5889381,-0.90333116,-0.74947286,1.6979287,1.543607,0.6055149,6.1079264
45,1.3209436,0.3865205,1.33215,-0.4606794,-1.7346724,-0.5821805,-0.19911599,-0.8722259,1.5241492,-0.4115659,0.017231226,-0.34641275
46,4.7600613,1.1160944,-1.0247481,5.118872,0.6308212,0.74625814,-0.8721268,-0.11518061,3.97604,3.4710913,-1.1537442,5.467658
47,2.2732294,0.08421455,-1.1455512,4.026083,-1.4604216,0.63981485,-0.6986643,-0.52196157,1.7341721,1.3638195,-2.0639646,3.758183
48,3.235564,1.3420833,0.40035754,1.5787294,-0.45326948,0.065717995,-0.23028553,-0.38139844,3.4885223,0.46939838,2.076798,1.5145156
49,0.9896777,-0.9602397,1.4227319,-2.2230816,-1.9948549,-0.80764306,-0.10813022,-0.695172,1.1218137,-0.67981803,4.1538563,-2.7773623
50,0.47266763,-3.6917617,-1.0263057,1.6228162,-2.5138414,-0.55361927,-1.2382373,-1.427345,0.28398567,-2.5732102,-0.93202275,1.7211428
51,4.0541983,0.7034202,-1.0305524,-5.9083867,0.2615204,-1.471,0.84837866,0.7528794,4.3016605,0.99554515,1.8913946,-5.8200927
52,1.9098451,0.036540225,-1.4702091,-0.8629094,-1.3521948,-0.5019233,-0.26597372,-0.53825295,2.3693833,0.59483784,-0.6646797,-0.7786758
53,1.6803436,0.92925143,-0.2915973,-0.16139548,-1.5583495,-0.50160825,-0.27859223,-0.7623402,2.331635,0.21988785,1.0906656,-0.48835862
54,0.3425867,0.2879349,2.7684371,-1.9609708,-2.4957376,-1.0869014,-0.19526792,-1.0342448,0.91441923,0.11901438,2.1798587,-2.2437913
55,2.7188268,1.4816188,1.4916964,-0.17862155,-0.6366153,-0.57810074,-0.2008622,-0.6431495,2.313105,2.1848953,1.7446871,0.17460622
56,3.921304,0.73474556,1.0676968,4.0015664,-0.015986681,0.47436917,-0.67727697,-0.29590625,3.513873,2.6847184,0.093887866,3.885592
57,4.1041813,0.23202889,-0.69476074,4.4855757,-0.2850461,1.0853757,-0.25385225,0.11953211,4.9698734,-1.0029875,-2.4015126,5.420214
58,3.9342363,0.762693,-1.1023383,-2.4469354,-0.19457817,-0.24507406,0.64874315,0.38068366,2.8562517,0.38996258,1.6551495,-2.98248
59,1.4892209,0.13602494,-1.2512603,-3.0951536,-1.6161551,-1.0839838,-0.19651392,-0.34602094,1.4433025,-0.29691583,0.27066183,-2.5199778
60,2.5285819,-0.11142178,-1.7868752,-2.0529518,-0.9674783,-0.5093403,-0.023751676,-0.1208269,2.1455648,2.3206894,-2.025031,-2.2534466
61,2.0195692,0.010031924,-0.0740118,3.9082365,-1.6273509,0.5368066,-0.71557164,-0.6538,2.1690996,0.15576461,-0.21538301,3.741321
62,5.9287806,-1.017246,0.88365227,1.1467074,1.0994024,0.81872165,0.7070432,0.8541368,6.5128727,0.989141,1.940378,-0.6209371
63,5.0945473,1.7951909,-3.862481,-1.3597033,1.1326509,-0.9268534,-0.24998823,0.15560877,2.9383643,1.6728399,-3.6696465,-2.2682915
64,3.3668544,0.11609693,-3.3278108,-0.5467503,-0.6148925,0.034231544,-0.19535476,0.10257566,4.8944016,-0.04015784,-3.3756855,0.11833155
65,3.691057,-1.6029347,1.1531515,-3.0872154,-0.28147006,-0.2642829,0.8377501,0.36195767,2.9275596,-1.1970053,0.8955041,-3.791698
66,1.535213,-3.286529,-0.5899982,2.1870666,-1.7653286,-0.02175045,-0.8756833,-0.8288104,1.7619832,-4.2719584,-0.19173008,2.568157
67,1.8613772,0.12861158,1.2160408,-2.2713978,-1.3638232,-0.74663484,0.20748246,-0.3863511,1.7921062,0.44517463,1.3007792,-1.3201195
68,2.586627,-1.6804608,-1.9072342,-1.0658237,-0.95622706,-0.31722292,-0.19737089,-0.23937082,3.6923642,-1.0798783,-2.471656,-1.0249164
69,4.950483,-0.52828026,-0.55095345,2.5119205,0.20411253,1.034738,0.36228693,0.63238275,6.218374,-2.1183357,2.2208347,3.8010979
70,3.823665,1.5332572,0.7619025,-1.0363077,0.47822332,-0.79319215,-0.15217242,-0.44951355,2.1608167,1.5406588,0.47402254,-0.73624814
71,2.9902976,-2.8902955,-0.8472014,3.4357255,-1.0305936,0.6619464,-0.5483445,-0.17459756,3.4029446,-5.0912848,-1.6365671,3.2398593
72,6.436179,-0.8582359,-5.733311,-2.70437,1.1185699,0.47693253,0.5227641,1.5557989,6.457998,0.13115036,-5.5073924,-0.83720934
73,0.73023695,1.1423002,1.2507689,-2.2621078,-2.1475995,-1.2547967,-0.103954494,-0.8412243,0.7100011,1.0577568,2.3741422,-2.3883426
74,2.6521602,-0.5462314,-1.0333791,4.776112,-1.316057,0.8600553,-0.69332385,-0.37781215,2.764406,-1.3327167,-3.0969417,5.1221046
75,4.136144,-5.484345,-1.5892546,-0.39866728,-0.22991848,0.26620406,0.012954712,0.42660487,3.7347732,-4.9327374,-0.7975158,0.059735328
76,2.931361,1.0540203,0.20274824,-3.9467063,-0.61911774,-1.0329398,0.6227312,0.18537414,2.6192126,0.9497676,0.9693612,-2.9727242
77,0.62846106,-0.32267493,-0.7154457,4.2553387,-2.52318,-0.06321645,-1.1355727,-1.2786679,0.748124,-0.8211862,0.31666476,5.1389585
78,3.7883818,0.07355814,2.9513335,-3.3392544,-0.10853195,-0.40525174,1.1032522,0.28523982,1.4958336,2.2105074,5.0584784,-2.3473892
79,0.6082434,0.84651387,0.53243977,-0.8795274,-2.2015095,-1.0498655,-0.42849022,-1.07502,0.31176865,0.8905195,0.51439595,-1.3132112
80,1.5076504,1.4365722,-3.0335844,-2.0231133,-1.6993783,-1.2659645,-0.61809105,-0.48864943,0.8820149,1.1642416,-4.3952274,-3.1697583
81,7.3863297,-0.6861583,-0.77366096,0.05963643,2.3536253,0.6357268,0.7804935,1.2312783,5.009618,-4.1248946,1.5293374,-0.20248275
82,2.4019997,-3.1000986,-1.6388624,-1.5456035,-1.104177,-0.33679098,-0.2455287,-0.22052407,2.6561286,-2.645291,-2.0403042,-0.9457102
83,3.6939857,2.1050508,-2.776383,0.6427341,-0.0136909485,-0.4077871,-0.47768462,-0.30600953,4.7243204,1.369921,-2.6743128,0.7161406
84,4.703269,-1.6426308,0.11991125,2.2085876,0.014471531,0.9977058,0.40300298,0.6019205,4.1049304,-2.6309228,-0.11153756,-0.878314
85,0.011510909,1.6436769,2.1210725,-1.1384082,-2.7476742,-1.3110834,-0.50385344,-1.3554889,0.056052815,0.84514123,3.7686086,-1.3251183
86,0.84983855,0.8834283,-1.3839793,-0.014872663,-2.063428,-0.7749938,-0.6971049,-1.0533104,1.0670487,0.53564656,-0.63433415,-0.11455081
87,2.0351872,-1.449119,-1.821137,2.4758067,-1.5160118,0.14890397,-0.75257516,-0.58988225,1.4476992,-2.090561,-2.570839,1.0377105
88,2.5317502,-0.6899068,-1.4864228,-2.2072377,-0.9343562,-0.50503075,0.044237852,-0.10118687,1.6806426,-0.21749783,-1.5898651,-3.9971251
89,4.1164026,-0.83505934,-0.19094044,-0.17093597,-0.17657089,0.33580172,0.50202155,0.38486004,5.72516,-0.6551188,0.36208266,-0.47113192
90,3.3472016,-2.2272666,4.446582,-1.306735,-0.60650945,0.049234748,0.78923535,0.009237647,3.1795354,-1.8999451,1.4310625,-2.0903027
91,0.44686037,-1.8171326,-0.011369765,-0.23513703,-2.3391228,-0.66929543,-0.7884116,-1.1985313,0.3019423,-2.9117432,-0.67933446,-0.5532553
92,3.491783,-1.4565282,-0.20447403,2.8875685,-0.6841514,0.76722026,-0.14236438,0.041727185,3.462492,-2.7161164,0.21639457,0.54317975
93,2.7128398,1.2312323,1.7735183,-1.104267,-0.7297144,-0.5577436,0.17690492,-0.5005553,3.6199706,2.394069,2.070483,-1.5422575
94,1.6162379,-4.329583,-0.6170843,1.856515,-1.7682724,-0.041174114,-0.89316654,-0.78598624,2.1542554,-4.5447083,0.5806685,1.0839326
95,3.1356041,2.243523,-2.2247734,0.780101,-0.3856101,-0.46059445,-0.559335,-0.5256099,3.8409762,1.6955225,-2.4755557,0.010154545
96,2.5893137,-1.5748032,1.5662811,0.9264283,-1.0722885,0.1437844,-0.032747865,-0.34398967,2.6085672,-2.1317945,1.9999824,0.7412527
97,0.42099923,-0.03545566,0.0979628,1.0889964,-2.3976054,-0.60130095,-0.9185375,-1.457857,0.12909207,-0.4038598,-0.25137472,0.9734384
98,3.2826343,1.7857174,0.90871704,3.352786,-0.13151145,-0.15403855,-1.1520689,-0.7641067,3.3478882,3.7332575,0.37665153,4.019579
99,-0.7444315,-0.5557098,-0.5672936,-0.12500072,-3.0875823,-0.69567394,-0.993253,-1.7305794,-0.6442693,-1.997683,0.085722685,-0.67243326
100,2.8660963,0.7618961,-2.549926,-1.1889914,-0.8543334,-0.32805198,-0.14095739,-0.13261926,2.497461,1.1383172,-2.1375284,-2.3577025
101,2.2637472,0.29673672,0.6816111,0.1637405,-1.2257599,-0.14896649,-0.041188,-0.49668837,1.5909414,1.7271755,0.7766428,0.046398588
102,1.6513109,-1.0644364,4.3618984,-0.8013026,-1.6544082,-0.42894775,0.08477086,-0.73034495,0.9926368,-1.0822182,3.8003976,-0.1074025
103,4.138141,-0.6199785,4.3311043,1.254725,0.073449135,0.24019158,0.23247325,-0.010738432,2.855124,-0.61297816,5.2628856,1.78093
104,2.6842484,0.7264848,1.0801764,0.7190921,-1.0307736,0.10145712,0.11587858,-0.3247763,3.4708953,0.71842283,2.516217,1.2226977
105,4.164999,-1.3996816,2.4603078,-2.7572405,-0.013979912,-0.10756379,1.1023105,0.43611276,4.830659,-1.678514,5.8089137,-3.0451658
106,3.362567,1.7985449,-0.7242847,-5.0221524,0.47134352,-2.5431662,0.043733537,-0.19440955,3.4067297,1.6002926,-0.8945801,-5.3538933
107,3.625888,-1.4797664,-3.2533526,2.4943392,-0.7326124,0.5139687,-0.47848153,0.11576331,5.1095366,-2.6794693,-3.9865346,2.3963802
108,0.82384676,-3.5798397,-1.8446884,1.2251999,-2.2621198,-0.5817359,-1.1435544,-1.2148719,0.84715676,-4.5633326,-1.5210186,2.290847
109,1.3832178,-0.79639226,-1.657335,-2.392011,-1.6534085,-0.8235401,-0.35582128,-0.46486562,1.1902702,0.5495179,-0.9172463,-2.015238
110,4.038802,0.6123484,-0.13001937,-0.27263284,-0.10539293,0.16770118,0.4515822,0.22680628,4.1570654,0.0831458,0.060416028,1.631904
111,4.7575536,0.8915353,-1.2216995,-0.02093266,0.52834225,0.16550946,0.29776216,0.34415162,3.863997,1.6977736,-1.7739617,0.26465225
112,2.606314,-4.309077,-1.2721386,3.7051997,-1.319185,0.4366579,-0.8355818,-0.3825946,2.2040396,-3.219814,-1.6530594,3.3516524
113,1.211772,0.9113598,2.7817936,-0.7800042,-1.9069233,-0.7672466,-0.092794895,-0.88556635,1.360262,0.89704996,2.8731365,-0.9279462
114,1.7335222,-1.3550203,4.2205086,-2.763802,-1.5581331,-0.56810755,0.47345185,-0.37884057,1.498317,-1.0505776,3.7343307,-2.2317362
115,5.579859,1.2916821,-1.8688312,-0.60580164,1.4931536,-0.24267074,0.06871647,0.3183937,3.3047328,2.5364668,-0.66364324,1.4696982
116,1.6771648,-0.27930248,-1.5696535,0.4596368,-1.560269,-0.29886013,-0.54502594,-0.7286202,1.272176,-0.64932716,-0.54002106,0.1857898
117,3.2051413,1.7308575,-1.3083076,3.3273242,-0.5549078,0.381155,-0.60502195,-0.4205227,2.2175627,3.3666708,-0.58266777,2.290631
118,6.0855527,1.6307489,-2.7780492,-0.6368584,2.1801953,-0.6973051,-0.22156021,0.23035645,8.595167,2.6707337,-2.0660658,-0.6437854
119,0.9456251,-3.3828323,1.8760798,2.9868894,-2.264335,0.0893181,-1.0111023,-1.0622666,1.3508804,-2.9438312,1.8343488,3.9258895
120,3.3698175,0.8720686,1.4626784,-2.1293445,-0.31467462,-0.5209609,0.51684487,-0.1187737,3.4660387,0.8979206,2.1250088,-2.430657
121,4.6558886,-2.0220852,2.1996777,0.7396127,0.06510377,0.7337097,0.77801716,0.58979857,3.2697034,-6.5214524,1.6362822,-0.12041688
122,0.21909088,-0.044120148,2.5986147,-1.7102581,-2.5730445,-0.99611545,-0.30119753,-1.110598,-0.01479879,-0.2808968,3.5066113,-1.8458425
123,3.9529526,-1.7743236,-1.1025677,-1.6284424,-0.16756487,-0.013408542,0.46287847,0.373268,3.9039092,-3.5353274,-1.6212132,-1.9492481
124,2.4367075,-5.4768972,3.0210059,0.5614204,-1.2755874,0.27181756,-0.19665629,-0.38140893,3.0543404,-5.4045296,3.3705492,0.15189141
125,4.7206507,-1.1546787,2.056107,3.231616,0.0869143,1.1145139,0.3837667,0.43635094,4.4642057,0.5454998,0.52570033,3.2164721
126,0.80422825,-0.46431506,-1.0518267,3.0378199,-2.3045435,-0.1422835,-1.0547198,-1.2765834,1.1938901,-1.6986599,-1.1191092,3.745092
127,1.0052555,1.8453821,-2.0435624,-0.33488864,-2.039889,-0.93606794,-0.75155765,-0.9435518,1.115115,1.8487382,-1.5068754,-0.5481665
128,1.8803027,0.27472168,1.1824203,-0.40211797,-1.4107077,-0.38526297,-0.052576065,-0.68079996,1.5290759,0.72406846,-0.2995187,0.88580954
129,-0.020187974,-1.5278236,0.27742225,0.46975267,-2.712762,-0.69528645,-1.013419,-1.5597545,0.020948496,-1.6340046,0.2672787,0.71800077
130,1.7048872,-1.1389791,1.7636671,0.6695821,-1.5643324,-0.19222552,-0.28437012,-0.7541015,1.9433504,-0.7976738,0.352839,1.2086377
131,7.217825,-0.9776518,-4.259196,1.7824885,1.5015564,1.4770972,0.6658019,1.7001733,2.432941,2.424295,-6.090203,1.9231421
132,1.8095157,0.25075817,2.879585,2.6689377,-1.8048751,0.20452678,-0.43902194,-0.71432865,2.227378,2.4569986,2.5429058,3.7583776
133,3.3559673,2.4984164,-2.7657926,0.76754004,-0.021128178,-0.82675946,-0.77095985,-0.6355597,4.7258773,1.8571553,-3.0035496,0.12977815
134,0.5872572,-0.32289195,-0.042557776,-2.5262694,-2.2455714,-1.041414,-0.32330456,-0.78928,0.28330684,0.42117047,-0.79655224,-2.121815
135,2.6850932,-0.6155494,-2.6660764,-1.8984243,-0.88439703,-0.40097326,-0.18398565,-0.06752467,2.3683872,-0.35161188,-3.2434826,-0.5762416
136,-0.095223725,0.2507397,0.18077487,0.7676393,-2.7118564,-0.8457861,-0.97551787,-1.653642,-0.3312774,-0.21949843,-0.39468545,0.85514176
137,2.5037801,-0.9983532,1.0821998,3.9234128,-1.3561884,0.6855855,-0.5175595,-0.42133534,2.7016387,-1.2960979,2.156964,3.6802208
138,0.81696886,1.3940263,0.9605965,0.46728182,-2.1909606,-0.72729695,-0.5628681,-1.216033,0.7594567,1.0284336,1.399112,0.2340086
139,5.7150135,-0.04036297,0.03008455,-1.923371,1.1929436,0.07952225,0.9318094,0.793007,6.0153813,-0.78849345,-1.1025393,-2.073326
140,2.2685382,0.0803168,2.2648528,-3.469068,-1.1080449,-0.76773614,0.6388465,-0.06925684,1.2738782,-0.18898453,3.2813044,-3.6844463
141,3.2443645,0.94775456,0.37807482,-2.2125568,-0.52069235,-0.46752173,0.52042305,0.010431886,2.3743699,0.80765045,-0.30831957,-1.6518104
142,2.6242235,-3.2562685,-1.3659015,-1.0626515,-0.98609924,-0.21072558,-0.22020918,-0.21655244,3.286257,-3.256053,-0.7981492,-1.6000416
143,5.7057076,0.9944535,2.6169999,-1.8081194,2.4592562,-1.2009691,-0.2973281,-0.251795,6.02155,1.0869236,1.6955044,-0.84575933
144,4.2744393,-1.1815023,-0.5867546,2.7914584,-0.25334978,0.96972585,0.12564951,0.3983004,3.3303027,-1.4057784,-1.0926533,3.0970082
145,2.9127042,0.5799148,-2.032221,5.0411906,-1.2548993,0.89800596,-0.6630182,-0.2770573,3.7805572,-1.2950828,-2.1582742,4.627956
146,3.6772225,-1.039209,-0.30607742,3.7298613,-0.6350565,0.98483014,-0.16538954,0.10073733,4.2587833,-0.49337023,-0.8760933,2.0877209
147,2.3221521,1.1667131,-2.2417727,-1.5985049,-1.1762748,-0.62286305,-0.22128502,-0.25873917,2.3683083,2.0333068,-0.5608295,-1.7970784
148,1.9261167,-1.100053,0.3356058,1.5956373,-1.4654588,0.05380529,-0.45203248,-0.6530021,1.8377502,-0.8205804,0.25940442,2.0323505
149,5.723462,1.1841712,-3.0333052,2.2811384,1.2734151,0.5548667,-0.20042372,0.45783198,7.0563316,2.9591923,-3.707255,2.7836428
150,0.17823172,0.5331898,0.95313567,-0.20832242,-2.5451732,-0.98827004,-0.70139515,-1.3947006,0.033859,0.7276845,0.17861825,0.8983952
151,2.3120687,0.013293013,1.9514964,-1.2078421,-1.1249537,-0.367292,0.27865666,-0.42513072,2.6044354,-0.26209825,0.9688369,-1.3366307
152,2.60158,-0.26762974,3.569631,-0.7545124,-1.0160217,-0.16974896,0.46255445,-0.33470225,2.3327181,-1.1979867,0.6102557,-0.80919373
153,2.2195861,-3.5699868,0.4365632,0.8675903,-1.3056536,0.08123273,-0.42013586,-0.46927702,2.3026917,-4.5331182,1.0842324,1.5653694
154,1.7509067,-1.308884,1.506257,-0.8800252,-1.475678,-0.44029093,-0.09748256,-0.64815986,1.9501702,-1.7765052,1.469321,-1.6098104
155,1.5589726,-0.35150605,-2.270432,1.1437452,-1.7084956,-0.25166723,-0.7801776,-0.7989386,1.6820686,-1.6437082,-1.0271276,1.6078101
156,4.117335,1.6989394,-2.7945354,-3.0256493,0.4689188,-1.3834004,-0.03714937,0.040935993,3.6969213,1.5645623,-2.8650799,-3.759669
157,2.1013978,0.14162461,0.2474243,3.0343094,-1.4855329,0.37558973,-0.52039456,-0.6078608,2.204762,-1.1303737,-1.6110303,2.2921982
158,1.4903316,-1.3646152,-1.7705646,-1.4186558,-1.5814611,-0.6314422,-0.47059983,-0.56546617,1.9924242,-1.7922152,-1.7511554,-2.0833712
159,1.8844364,-0.98861855,-1.2318916,1.28748,-1.4858541,-0.038728476,-0.58353794,-0.630121,2.7239764,-1.2802252,-0.10765159,0.79463446
160,0.24568647,1.0480969,1.2711391,1.2609851,-2.6237764,-0.7667207,-0.8627136,-1.5539457,0.21607691,-0.12746978,0.09088004,1.1260816
161,4.1882935,0.825653,-1.7826905,-0.012933895,-0.103300095,0.29444927,0.3764522,0.36784768,5.3929186,2.1172633,-0.42772532,0.13507488
162,2.2829359,0.03086333,1.0776839,-1.5561787,-1.1257396,-0.45299152,0.22682464,-0.35634637,2.7273717,0.28519994,0.15802044,-0.06304765
163,2.293649,1.3789815,2.290131,-1.251032,-0.95017195,-0.8306354,-0.017674565,-0.69116163,2.367244,1.3306118,3.9401574,-1.071262
164,1.0031483,-3.7942638,2.1121933,0.27810702,-2.0573769,-0.2623586,-0.63458914,-1.0383697,0.5397066,-3.8643491,3.2565918,0.70572114
165,6.4076157,-0.767049,-3.6270466,-4.1245284,1.2745986,0.23833978,1.1236613,1.5469977,7.4931083,0.2412433,-3.671341,-5.87709
166,1.4456022,1.5126272,1.0555872,4.0797334,-2.1062417,0.3138178,-0.80649424,-0.89815086,2.1944342,3.7571416,1.2612545,3.5946336
167,1.7843337,1.9180611,-0.5311439,1.977821,-1.6328416,-0.077555835,-0.47652403,-0.80604553,2.1104321,0.5765879,-1.5562804,3.141182
168,3.2099833,-0.12581785,5.128949,-0.31381953,-0.46846366,-0.25395623,0.29736584,-0.3187455,3.9645364,-0.2940879,4.739768,-0.069723904
169,1.994715,-0.70805556,-1.7144895,4.0800614,-1.6844603,0.43011916,-0.8893974,-0.6921196,1.4327378,-1.1911628,-0.91425925,2.6536126
170,1.5293803,1.1984354,0.21476501,2.5806074,-1.8438861,0.068750024,-0.63622767,-0.89460784,1.3592994,0.83789766,0.32521033,2.4049156
171,4.2570515,-1.0141358,2.3975928,1.9187685,-0.23111224,0.846604,0.5732467,0.36387002,3.9003725,-3.198602,2.9514623,2.9995267
172,1.1831975,-0.46186566,4.6854835,-1.774414,-1.9947761,-0.705997,0.14630747,-0.7575731,1.248006,-0.36255375,4.2794333,-2.171122
173,2.5208719,-1.5184375,-1.6165695,-1.338721,-0.96647596,-0.3858307,-0.12457925,-0.2446289,1.9729906,-1.9098939,-3.1763697,-1.0373456
174,2.408847,2.065923,-0.08923298,1.3383318,-0.9138789,-0.4396763,-0.6331455,-0.8229717,2.991336,3.5098395,-0.2314145,1.3091805
175,4.6030493,0.017818436,0.21347779,-0.006972119,0.21577024,0.37680036,0.59716916,0.4589038,4.828629,2.1265192,0.19450596,0.95968354
176,2.6705925,-1.8638211,-0.9159247,3.833779,-1.2339528,0.66011274,-0.6510858,-0.33202505,2.7392087,-2.8810835,-1.3219588,3.6716344
177,0.65328676,0.9079318,1.9064808,-0.17950712,-2.2786841,-0.8777126,-0.46221614,-1.1952482,0.6706885,1.626743,2.170053,-1.0217669
178,2.4511874,-0.8089655,0.15848082,-1.0663989,-1.0355377,-0.33343047,0.052150846,-0.35253203,3.1016629,-0.5056044,0.11797972,-1.7052575
179,4.556496,0.21134447,-1.6317608,2.3461823,-0.00071644783,0.8557086,0.16310954,0.46123242,4.5756173,0.3019801,-2.308844,3.2463427
180,3.8836243,-2.0085466,-1.5891647,3.143208,-0.5176213,0.88514507,-0.22081769,0.24613535,4.237455,-1.4164758,-1.1690592,3.3069394
181,3.5004609,1.8194681,-3.026719,-1.5273303,-0.29785776,-0.81412804,-0.19482404,-0.123313665,2.5500364,1.6519638,-5.4965076,-3.4566197
182,3.3844502,2.074032,-2.9044235,-0.41426796,-0.2884817,-0.69838417,-0.4073335,-0.31573576,3.3969793,0.6945996,-2.4645655,-0.27571797
183,3.561896,1.7567799,-1.6686637,-0.6852104,-0.129534,-0.50354064,-0.11508125,-0.22807366,4.699199,2.9426029,-1.8549056,-0.5636555
184,2.80158,1.7841213,-0.52332777,-1.3644081,-0.637012,-0.7840415,-0.06632465,-0.44884342,3.347186,1.9822111,-0.8385997,-1.6193264
185,0.4048397,-1.6214458,0.12600726,0.18684874,-2.3679538,-0.63604695,-0.837139,-1.3171256,0.96645415,-1.2405412,0.935107,0.3232025
186,4.7818327,-3.224286,-1.6286392,3.291281,-0.028044224,1.1546568,0.0058926344,0.65108836,5.506961,-2.57322,-0.9535081,3.412078
187,3.757161,-0.4454587,-2.2650414,1.7322192,-0.5007887,0.5791074,-0.07193321,0.22065115,5.2420835,0.48220998,-2.9983969,0.66234326
188,3.412288,-1.097188,0.5002641,4.5939612,-0.83820367,1.092813,-0.28785,-0.04569149,3.21537,-4.0186405,0.8668672,5.5306463
189,0.14517516,1.131132,0.35670942,0.40786362,-2.6217105,-0.9394123,-0.8577491,-1.5127621,0.16303036,0.80727965,1.8896806,0.30049992
190,2.2742898,0.9001921,-0.2340396,-5.870499,-1.1307507,-1.9081188,0.5470818,0.30839384,1.2998195,0.7743467,-0.021236539,-6.3792706
191,5.4785213,-3.4499044,-1.8406594,3.742745,0.32354975,1.4299703,0.16397262,0.95415485,6.5331545,2.030085,-0.8135922,3.0932212
192,2.322593,0.260329,0.63398665,-5.167052,-1.13102,-1.1455468,0.6441827,0.24630857,2.072432,0.18275338,0.19064456,-6.1938486
193,1.682688,-3.6013193,-2.0072372,0.38424534,-1.6542417,-0.3884806,-0.79142106,-0.71291715,1.525496,-4.6741514,-2.0282342,0.9063886
194,1.3835425,-0.27107006,-0.9475927,-4.1833735,-1.752005,-1.1468558,-0.09009528,-0.2137276,1.4177886,-0.6662111,-0.91120046,-5.111309
195,0.226646,-1.7952062,0.42457563,-0.40250933,-2.5110536,-0.7268541,-0.78700733,-1.2709334,0.31839287,-2.2377365,1.2125235,-1.4152902
196,3.6962826,-1.3015829,-2.8608027,-0.019799992,-0.4379263,0.2279529,-0.07426679,0.25583184,3.1162639,-2.1842866,-3.7441752,-0.6201516
197,3.256321,2.0235345,-1.9854531,2.989622,-0.4323163,0.17756492,-0.72045517,-0.47638512,2.0774608,0.9596393,-1.9211693,2.4907248
198,6.566985,1.0089049,-1.1776493,1.4036096,2.301557,0.22391456,-0.1091494,0.43755472,6.475354,1.9170363,-2.5144258,-0.9795276
199,2.970445,1.3186029,-0.11905867,-3.532815,-0.4639051,-1.1898164,0.4022621,-0.0025572777,2.5071087,0.67573595,-0.5065553,-5.338028
200,2.2112625,-1.0993944,-0.7204359,-2.3692896,-1.1277773,-0.5837032,0.060886085,-0.19406831,3.2014265,-1.6584942,-2.3254528,-3.53692
201,0.27525884,-0.36003435,-0.51484734,0.32356533,-2.395056,-0.76690555,-0.86801296,-1.4010681,0.62230563,0.08905187,-1.1699766,-0.45785984
202,2.5229337,-3.3768785,0.86650866,0.5218971,-1.1179472,0.10130268,-0.20652643,-0.33290428,2.0015447,-4.141803,0.31804645,0.42473367
203,2.989405,-3.2603972,2.8547544,1.2831012,-0.8876009,0.39689624,0.10289669,-0.16777784,3.174418,-2.277355,2.0632253,0.33052814
204,1.3374958,1.2396808,-1.3253717,2.8547163,-1.9454505,0.08348769,-0.8191184,-0.9919882,1.8018199,1.9833412,-0.18366277,2.7428539
205,2.122393,-0.4037627,-1.7376363,1.3315232,-1.3666967,0.03422296,-0.52289915,-0.5159925,2.355471,-1.4994504,-2.0142815,1.2294267
206,7.807356,-0.49535817,-2.9176443,0.802231,2.5282884,0.8856225,0.63458467,1.4508184,11.187576,1.6655488,-2.1772313,3.3211005
207,2.8054025,-2.3660781,2.6151009,1.1990854,-0.9673486,0.28923333,0.079778075,-0.25620383,1.9411316,-2.0837467,3.8740563,2.2666216
208,5.7852097,-2.892868,-2.4541295,2.0707083,0.61320376,1.2351384,0.44389844,1.152872,9.05328,-3.937944,-2.9056292,3.9393983
209,2.456431,-0.90764767,0.82133526,0.9372942,-1.1483572,0.08657956,-0.12412402,-0.4033903,1.7716722,-1.5199995,0.77774006,1.1770912
210,0.3930983,-0.6070307,1.2874584,1.3464075,-2.4752934,-0.5696218,-0.9054228,-1.4266771,0.4994431,-1.4598367,1.7854497,1.2441487
211,1.5093591,0.62689316,-0.1978063,2.8165634,-1.8488847,0.13091582,-0.7257519,-0.9013785,1.7024374,0.05562079,0.34185636,2.3851821
212,1.406673,-1.8058234,-0.6339138,-1.9011897,-1.6766177,-0.6521194,-0.300514,-0.53694206,1.9090846,-2.0242302,-0.15831435,-2.516604
213,8.410067,0.09931652,-3.4258544,2.607349,3.252358,0.94418514,0.06662536,1.2608184,9.934546,-0.41693348,-4.6551876,4.9415607
214,2.6467412,-0.8474708,-0.5034782,-0.33808362,-0.96555376,-0.13859883,-0.04267347,-0.26929814,2.5478284,-0.08969718,-0.043509156,0.0006892979
215,-0.21160337,0.15473793,0.5952613,-1.1175561,-2.8086994,-0.99217135,-0.6926265,-1.4029938,-0.051122427,0.087328985,0.36620992,-1.6644179
216,1.8110578,-1.722185,4.5330195,-1.3307477,-1.5492558,-0.36738116,0.2348175,-0.587995,2.1997828,-1.0778928,3.5868804,-1.6659005
217,3.2508674,0.5996433,0.9986363,0.45410478,-0.6840031,0.1959027,0.31301832,-0.07757878,2.4030714,0.72751844,0.95717806,1.0306319
218,2.2319293,0.38768896,-2.2332897,-2.5912678,-1.1626871,-0.7435498,-0.16890454,-0.12124419,2.4597936,0.55445623,-2.0175846,-1.152084
219,2.1405876,1.910581,-0.16867381,-2.1931336,-1.0397339,-1.270906,-0.017811418,-0.49901265,2.4097211,2.6138854,-0.0060730577,-1.8539679
220,0.99915,-1.2457844,4.307563,-2.1731513,-2.1075504,-0.7258091,0.107035756,-0.7244624,0.7561712,-1.8141427,3.904994,-1.508895
221,2.320741,1.1962075,-2.2044404,2.1557195,-1.3405709,0.22208947,-0.5053153,-0.46215844,2.8619454,2.4947581,-1.6382954,1.8330599
222,2.7810705,0.96516705,-0.42271006,3.0279284,-1.1025611,0.5610558,-0.28768736,-0.31585264,2.6049814,1.9335219,-0.8990796,2.8577027
223,1.6244192,1.8703531,1.1354349,3.3318572,-1.8461995,0.07420939,-0.8356179,-0.9658698,1.8674387,0.995887,1.26991,2.757914
224,3.767718,0.82467747,2.8137043,-0.018316641,0.17549038,-0.33128455,0.0063825846,-0.32475162,3.8849654,1.4068894,3.9380488,0.124126524
225,3.3624744,-1.9557596,0.2814228,-2.0141947,-0.48948717,-0.21981093,0.4394362,0.09621513,3.139227,-3.1195111,0.25270334,-1.6178253
226,4.178865,0.6939599,0.48069972,-0.7867654,0.14598417,-0.028137147,0.47440815,0.16470206,3.7533245,0.82738477,1.5161097,-1.1679604
227,2.1311395,-4.5012445,3.318452,2.9431381,-1.5858679,0.52541375,-0.54553694,-0.54211783,1.947151,-6.7770853,3.5071087,2.3798394
228,3.2814147,-0.14978619,0.0021638274,5.4040694,-0.9897568,1.1909755,-0.4575435,-0.11234093,3.8194752,-3.284106,-1.6786056,5.2234387
229,3.344313,0.22735976,1.7344346,1.6442664,-0.6534922,0.4291724,0.19812298,-0.10812861,3.987941,0.5666966,-1.578722,3.8543108
230,5.531802,-4.198492,-0.0052585006,4.2899055,0.37520027,1.6779507,0.27004308,0.9685229,2.2066543,-3.019885,-0.06695327,2.7411022
231,2.673568,-0.94640154,1.253238,1.3333881,-1.0545962,0.23861516,-0.048881054,-0.3205517,2.126114,-0.2692986,1.4224302,1.7686605
232,4.199601,-0.90032357,0.80643386,0.12790586,-0.15299606,0.43999505,0.6029134,0.40160167,5.324513,0.3846665,0.64489734,0.9512803
233,3.3375452,-1.068197,0.110967815,4.240954,-0.85104084,0.9949082,-0.30619887,-0.06996673,3.4616556,-2.5645838,-0.3593218,6.0310755
234,4.7416935,0.56213635,-1.7489748,-0.82059443,0.30267143,0.24916875,0.60398626,0.59395826,4.6087184,1.4119655,-0.26163566,-0.9313979
235,1.5793574,0.51278013,1.1836286,-1.6876482,-1.5699213,-0.7763848,0.04725492,-0.5868532,1.6839427,0.99937105,-0.2047106,-2.2169213
236,-0.6680196,-0.5108715,-0.00029295683,-0.7815264,-3.1008775,-0.795432,-0.9228952,-1.6232488,-0.44050884,0.5349878,0.76069,-0.056424618
237,0.3273778,-1.4996095,2.7714899,-0.28196633,-2.585692,-0.70745915,-0.6275732,-1.3049086,0.28783405,-1.4236001,2.736171,0.111994356
238,4.637241,1.2468969,-4.6911664,-0.8042303,-0.025854588,0.039149046,-0.04068756,0.6337985,5.026511,1.2018459,-4.8858504,-0.6996684
239,2.761566,-1.768309,-2.256514,0.653016,-0.9949136,0.03682351,-0.37464833,-0.19420946,3.1272426,-1.3814075,-2.9514947,0.41602778
240,2.5956364,1.2542151,-1.7786949,-0.4963377,-1.0436168,-0.3245294,-0.12502718,-0.33327067,2.7752025,0.6949604,-0.9896335,-0.48780492
241,6.940851,-1.3900995,0.031807125,0.80991477,1.762836,0.95961845,0.9039546,1.2669605,11.820282,-0.25842154,-3.5203807,0.6389419
242,4.9665728,-5.961443,-1.4588954,0.85805494,0.20466805,0.76686513,0.21309555,0.8061893,5.3973145,-7.43214,0.24151373,0.94138867
243,0.513688,-1.3987887,-0.49149233,0.25827384,-2.264513,-0.633933,-0.85935724,-1.2601264,0.47465584,-0.71612537,-0.85257196,0.77480435
244,2.8431711,-1.7169235,-1.5315721,1.9277016,-1.0133004,0.3547442,-0.42113224,-0.19107276,3.1914654,-1.3831173,-0.89793193,1.4827662
245,0.4078849,1.1274705,-0.4243397,-1.6140754,-2.3249648,-1.2091355,-0.56335175,-1.0243709,0.6393224,1.0161325,-0.21456005,-1.223897
246,2.9314396,1.2741356,-0.69550055,-0.6887375,-0.84319496,-0.23627335,0.17731822,-0.18304276,1.9598806,1.7711751,0.13104618,-1.0658807
247,1.4868059,0.1539598,1.8309147,1.4208437,-1.8072512,-0.15220979,-0.42439032,-0.8717011,1.8672531,0.1521684,1.344773,1.272245
248,3.1604,-0.8610824,-3.2139006,2.4343104,-0.98888326,0.3871985,-0.59893703,-0.09567118,3.5277534,0.1791119,-3.6080425,3.0847068
249,0.9139398,-0.023444012,1.4221585,0.2714502,-2.0317063,-0.57642806,-0.49960423,-1.1410882,1.6500807,-0.3686716,1.951767,0.51753926
250,4.1467404,-2.1552653,2.761484,-1.8303429,-0.08663511,0.10106379,0.96488667,0.4115255,4.2866817,-0.8864676,4.0035954,-0.38762462
251,3.9289181,-1.3918377,0.68151873,-0.17950706,-0.27694702,0.30029106,0.49885714,0.29619658,4.2270675,-1.8831424,-1.1123357,-0.22368962
252,0.9378304,0.36570576,-1.9723969,0.9479208,-2.0512443,-0.47499055,-0.8800276,-1.1180063,0.8270786,0.6750933,-0.6230211,1.0165248
253,2.0847266,0.2572315,-3.3218951,-0.5059151,-1.3611157,-0.39376116,-0.67091584,-0.49100184,2.160709,-0.012050122,-2.9217432,-0.9685627
254,3.2925725,0.064465925,1.0902338,3.7235832,-0.86005497,0.8388413,-0.15585333,-0.11768782,2.4700274,0.66234016,1.2169205,4.183021
255,0.49852818,-0.27011532,-1.0215783,0.86240613,-2.2936378,-0.5985772,-0.93123645,-1.3759329,-0.008815348,0.031395078,-0.8908305,1.1109375
256,4.1482544,0.19358437,0.80105656,0.12259193,-0.051286697,0.28446674,0.501691,0.24508476,4.2584076,1.0046669,1.937268,0.3625632
257,1.6447055,0.6823317,-0.2576154,-3.2769802,-1.5304314,-1.1482563,0.06693816,-0.2923559,1.624997,2.2921515,-0.17375219,-2.6047277
258,4.7044053,-0.3117988,-0.13906747,0.52607197,0.12535,0.6203729,0.63662887,0.6022949,5.9810076,-1.0790658,-0.81421757,2.3159955
259,3.936961,1.4859592,-1.6169801,0.9034503,0.017935276,0.028246641,-0.1554038,-0.07319105,4.348627,1.1682268,-2.0120175,-0.40438896
260,0.7908736,0.13272755,-2.6129718,-1.8664589,-2.0691729,-1.0282457,-0.85616636,-0.75691557,1.5523741,0.21529296,-2.683958,-2.973626
261,0.6820387,1.7807573,3.3749998,-0.7684034,-2.3483891,-1.1109568,-0.2430399,-1.0989522,1.5832224,1.5374355,3.6359644,0.024494529
262,6.578054,0.7370115,-5.079234,-1.7491997,1.6304951,0.045259178,0.37180454,1.1759049,5.2240086,2.053402,-2.3128016,-0.40048957
263,4.3991213,0.5827591,-0.98942786,5.3637123,0.08744979,1.0645851,-0.6023022,0.009770513,4.3511777,0.8929105,-0.34190065,4.6106043
264,4.0286746,0.0851215,-1.0895708,-1.3539313,-0.16196036,0.048236012,0.57348394,0.37195742,4.3603754,0.06026296,-1.9947319,-2.6353695
265,1.4871736,2.1401477,2.7510452,0.98306173,-1.4280953,-1.0524943,-1.0643054,-1.3702712,1.5456222,2.8193471,3.0155356,1.3866153
266,6.3156357,0.31764024,0.6349377,-3.4568453,2.1430507,-0.5404049,0.87309813,0.6689924,8.153041,0.40970266,0.38968867,-3.2579415
267,1.2607915,-0.78875107,-3.2933102,0.86527395,-1.9586042,-0.5303327,-1.1566815,-0.97398466,0.50687534,-1.5405736,-2.8531418,0.67854655
268,5.789253,0.3029312,-1.4429564,-2.6746082,1.2091022,-0.020856023,0.98013854,0.91704977,2.5427773,0.9244692,-3.009387,-3.540353
269,2.2086146,-1.6140884,2.29514,3.490088,-1.5513258,0.5285841,-0.527819,-0.5281677,3.3056135,-1.1840155,2.2433612,3.0088794
270,4.0256767,-0.16165324,1.8040972,0.8365606,-0.17533064,0.42713714,0.4756174,0.17616808,3.6708112,-0.8492958,-0.60966754,1.5151739
271,0.5028946,1.9289813,-1.4761052,0.61355746,-2.3790216,-0.8439546,-0.89481604,-1.3279841,0.88456,1.4659402,-1.732901,0.1949479
272,7.8738976,0.29255193,-1.9503045,0.87207735,3.067884,0.4642471,0.26280594,1.0335325,15.502787,-1.2679019,-3.4833903,1.1737972
273,4.5540724,0.35781187,-2.9665525,1.1512127,-0.04130602,0.6901374,0.20098358,0.5847398,4.781834,1.9509091,-4.1664705,-0.9027531
274,3.9869092,1.3208023,-0.54446656,-2.3344414,0.28079224,-0.7333965,0.27368766,-0.05662489,3.5995915,1.1771227,0.13031012,-3.5566118
275,2.2513113,0.80604035,2.599286,0.8262531,-1.3201851,-0.042207956,0.011979103,-0.53277665,3.0380385,1.227036,2.1928082,0.61075324
276,5.744472,-1.4134475,1.4005334,1.5612124,0.8365755,0.98957336,0.77278864,0.87578547,6.109748,-2.7903595,3.538265,3.7199492
277,1.2217894,-0.63901705,-1.6991973,-3.3130012,-1.818654,-1.029579,-0.35617688,-0.38530934,0.7852149,-0.51004446,-1.1806782,-4.2207227
278,3.8304255,-0.052986875,2.4883747,0.3436389,-0.21712828,0.24518502,0.5057992,0.053600788,3.1444473,1.1734185,3.429908,-0.31068408
279,2.2954533,1.068936,2.1606846,2.6811419,-1.2803862,0.10200834,-0.55367893,-0.685695,2.0461645,1.884495,2.0181036,2.6142766
280,4.209878,2.1856894,-1.2657909,1.2146028,0.8697181,-0.60862577,-0.87354153,-0.5616534,5.2166414,3.204492,-1.8196687,2.081967
281,6.323095,-1.1819496,-0.45748597,-0.010523722,1.2151914,0.839599,1.0176953,1.2251259,6.8263764,-1.9673388,0.49132746,-0.6239183
282,-0.35827157,-1.4774398,-1.0613673,-0.5491597,-2.9191954,-0.731114,-1.0720177,-1.496053,-0.32467383,-2.1228867,-1.3294642,-0.5179744
283,4.353502,0.4973064,0.29135674,-4.3221307,0.34513092,-0.650741,1.0240449,0.58960307,3.237134,-1.0648229,-1.1631794,-5.489983
284,1.9379058,0.43657959,-2.8679833,0.6953395,-1.4952258,-0.20487416,-0.70740664,-0.61069924,1.5182645,1.0829978,-2.9145029,1.7144837
285,5.4082146,0.18619435,1.0806139,1.4044968,1.1403055,0.38486284,0.20690823,0.3000052,3.231692,-1.0056423,0.98213416,0.72394955
286,3.857713,1.3053367,-0.15127057,-3.5747461,0.4315176,-1.2991252,0.3313998,-0.032672048,5.0308156,1.6069695,-0.4057394,-5.080194
287,0.79230446,-0.28729886,-3.1727908,-1.2841479,-2.0921402,-0.92232454,-1.0354881,-0.83405566,0.9162602,-1.6046493,-3.4191124,-1.1995724
288,0.37579578,0.4576903,-0.7441068,2.0139892,-2.4884915,-0.41938132,-1.0395808,-1.4333422,0.35211685,0.718547,-0.5245773,2.5968509
289,5.5816383,-0.51272064,0.4262845,-1.9288331,0.93009615,0.22875679,1.1065328,0.8943144,5.116374,-0.84290683,-1.46437,-1.5132825
290,6.0936766,0.9133016,-0.9162789,-1.2343751,1.9414783,-0.263685,0.31056988,0.47503626,6.101816,1.6794722,-2.616795,-1.4625914
291,3.6057627,1.5648183,1.122576,-1.9225048,0.42728615,-1.0806801,-0.11498481,-0.5488473,4.0221124,2.6807184,2.0499501,-3.5574613
292,4.0443573,1.1114242,-1.4921706,5.193459,-0.092484474,0.90812576,-0.73525673,-0.15189552,2.3685,0.9968135,-1.4038552,5.4281044
293,3.6927059,-2.885919,-0.9571747,3.3428254,-0.6209824,0.8835126,-0.29789618,0.15483248,3.5854611,-4.175462,-0.5587666,0.8977878
294,5.3213763,0.45442903,-1.3831222,-0.6739211,0.8408785,0.24460566,0.5809883,0.65665066,2.979392,0.3134724,-1.7202754,-0.399194
295,2.5654411,-1.3126754,1.8222961,5.4751363,-1.5401882,1.0177646,-0.7346525,-0.3975727,2.5524325,-2.1326783,2.4932415,5.824052
296,0.61281544,-0.21126159,0.8968436,1.7836193,-2.362341,-0.37008345,-0.9050963,-1.3012878,0.4585192,-0.055318847,1.1943454,1.322267
297,5.6290984,1.775016,-2.0337355,-3.7872488,2.3395514,-2.13492,-0.1017791,-0.111193955,3.9993157,1.5730948,-1.635734,-3.678506
298,2.0166562,1.4945748,-2.2399333,0.07483612,-1.4252845,-0.41519615,-0.47954306,-0.6232811,2.1232157,1.8397766,-2.34111,-1.6820179
299,1.0418906,-0.30209035,-1.5042064,-3.1478715,-1.9393158,-1.0719523,-0.4059635,-0.4903965,0.9667673,-0.48949566,-1.3928884,-3.982791
300,3.6453407,-0.32271707,3.438536,0.09320788,-0.3701508,0.20085323,0.597167,0.01718545,3.3434148,-2.4249406,3.7274632,-0.2176194
301,5.3849907,-0.24061812,-0.74706024,3.423492,0.693789,1.0565256,0.07313824,0.5517763,5.6174006,0.8862438,-1.094378,3.4657571
302,2.86158,-4.624186,-0.040466845,1.13486,-0.9687283,0.3384686,-0.348351,-0.1610843,3.312991,-4.8945737,-0.9199991,-1.5470653
303,1.1604948,1.3420907,0.88998836,0.11915515,-1.919873,-0.6485226,-0.36722758,-1.0116796,0.5545023,0.21984851,1.1638515,-0.6772176
304,0.5697165,-1.4621738,-1.1136415,-1.4466993,-2.226932,-0.8448546,-0.6482851,-0.90468895,0.66526234,-2.5160508,-0.5381473,-1.7918584
305,4.9611096,-0.7876795,2.8100371,0.012849644,0.5655527,0.39525855,0.7924354,0.46043682,5.907451,-1.1868083,2.0288858,0.05866525
306,1.9158154,-0.8028012,-0.18014747,1.8599862,-1.4842801,0.09113145,-0.5218457,-0.6623435,1.6650692,-1.4085747,-1.4153054,2.2216341
307,3.7592266,-3.183597,-1.5283446,1.1439006,-0.43714046,0.48185384,-0.08560133,0.25622487,3.1885054,-4.7302127,-1.9987895,2.0257244
308,0.59957594,0.9195247,2.4343703,-0.6885883,-2.3104792,-1.015251,-0.35433918,-1.1391622,0.32545358,1.228825,3.166497,0.3243224
309,0.36907125,4.126856,-2.2656448,0.17031087,-2.1519442,-2.2475042,-1.409028,-1.7754142,0.14333706,4.254151,-2.1893122,-0.020998344
310,2.6540124,-2.2353995,1.0119028,-1.9173778,-0.9459214,-0.30351844,0.24913931,-0.15491325,2.495548,-0.33857083,-0.20572913,-3.388997
311,3.0232522,-3.4086065,0.18382162,-0.46050078,-0.7922089,0.04686594,0.015669823,-0.07452273,3.0361485,-2.7732773,-0.38223982,-1.43453
312,2.8401983,0.81043273,0.25478977,-1.4032196,-0.847965,-0.34518716,0.3317358,-0.17785257,1.1003537,-0.1551069,0.6842542,-1.4593455
313,1.8198252,0.97119874,1.7771542,-3.9009895,-1.4362717,-1.2228725,0.52177,-0.17939007,0.5748668,1.3787105,1.0481423,-4.4519415
314,1.4789138,1.1424822,1.473506,3.7402425,-2.0738533,0.27590346,-0.7572727,-0.88941073,1.291466,2.5378335,3.1368756,4.313137
315,8.730012,-1.4846922,-2.9711304,-0.03793089,2.9653306,1.1122822,1.1362376,2.005208,8.773018,-2.6927676,-4.034851,-5.306985
316,2.6148765,1.5928613,0.11365932,-3.3178513,-0.59764004,-1.4556973,0.20349556,-0.24837601,1.988545,2.0182602,-1.7229795,-2.395183
317,2.5186207,0.039870843,-0.5679204,-0.028167978,-1.062479,-0.12604153,-0.08014238,-0.34816462,2.2239463,-0.3409202,-1.0353479,-0.9758431
318,2.0710738,-2.3642697,6.1325307,-0.1254754,-1.5454513,-0.07445258,0.20712006,-0.5297458,1.7325251,-2.2648768,6.3653574,-0.49523085
319,0.7240066,-0.5356561,-1.7975824,-1.9271256,-2.1127193,-0.95222425,-0.6771145,-0.7840364,0.60766894,-0.16259763,-1.2661535,-0.8878386
320,3.28397,2.5679903,-1.8383105,1.8442154,0.051526546,-0.6000462,-1.0803982,-0.81672645,2.8891373,2.3312867,-1.5268843,1.2328217
321,3.0772936,-0.16779031,4.9370046,-2.6852064,-0.64016557,-0.33952373,1.0732013,-0.012470603,2.9506311,-0.9283575,3.676783,-2.5062015
322,5.612191,2.2903612,-3.858077,3.5117316,1.6372409,0.15119433,-1.0386853,-0.09345251,8.662119,1.6165042,-3.547455,2.219702
323,3.2751484,-4.346843,-0.41561908,3.3381982,-0.85298896,0.7258158,-0.47495788,-0.040118992,2.8774912,-3.3969908,-0.6215973,1.9393595
324,0.39272648,-0.23995416,-1.234602,-0.13945946,-2.3013544,-0.84309316,-0.82970387,-1.2303058,0.55945665,-0.26483157,-1.5036923,-0.11614258
325,3.2198431,-1.4363925,0.3942806,3.9996533,-0.89899063,0.92050564,-0.30979148,-0.11592102,3.1741192,-2.1183014,1.707804,3.2830682
326,4.060007,1.6409975,-1.7314758,-1.4387771,0.34297323,-0.72529405,0.0025509,-0.102704465,4.472306,1.302819,-1.5519997,-1.35959
327,1.6057351,-0.26551497,-1.9726098,1.6189606,-1.6956958,-0.1251564,-0.7417101,-0.7828176,1.5991354,-0.6469898,-1.752353,2.884763
328,1.0434682,-0.6136674,6.0013785,-0.39721733,-2.224225,-0.59709907,-0.13541514,-1.0449454,0.70628226,1.5694971,6.672569,0.47560626
329,0.52566594,0.29348832,-1.6972232,-0.72969556,-2.2359352,-0.95418775,-0.83807254,-1.0566719,0.17985871,1.0924937,-1.4935348,-1.134381
330,0.7804448,2.1249933,-2.9272964,0.6851372,-2.311821,-0.83776563,-1.1638036,-1.1914413,0.60568815,2.1575913,-1.7023609,0.87858677
331,3.2032678,-0.97354084,-0.9889491,0.98517054,-0.73384714,0.28247267,-0.068467975,-0.0398497,3.0006635,-0.6096566,-1.0827862,0.80808115
332,6.720375,0.25407022,0.43485743,4.506824,2.3088279,0.6729661,-0.6660814,0.30977738,11.669706,2.6490898,0.9260684,4.255064
333,3.5987866,-0.45442498,1.9762974,2.5807905,-0.64049196,0.767243,0.23093653,0.05574596,4.525613,-2.02098,2.3931282,1.307151
334,2.003661,0.39663398,3.7427986,1.9041282,-1.5932211,0.061570942,-0.23859423,-0.6448749,2.748285,-0.047873586,3.5737484,1.1542331
335,4.349469,-3.95359,-0.37104243,4.8647404,-0.34721637,1.3667734,-0.24892533,0.40761697,5.7440605,-0.13527441,0.58993167,3.739256
336,1.0920844,2.2748446,-1.4256082,3.772407,-2.272964,0.08811033,-0.9986082,-1.1307914,1.1159083,1.280761,-1.34371,2.5091302
337,2.6328313,2.191228,-2.159289,1.3894036,-0.9164729,-0.22895294,-0.5501765,-0.5789512,2.276002,1.5632977,-1.955636,1.1161033
338,4.015916,-0.7684879,-2.1235495,0.03519769,-0.23325539,0.30926335,0.22732598,0.36242306,2.6766887,-0.062264085,-4.0175424,2.1342676
339,3.0794065,-0.46203524,3.5381703,-0.5507079,-0.74654984,0.021178007,0.6147455,-0.13324839,3.1136472,0.4002499,3.0039334,0.58122665
340,1.4470816,-1.8644344,1.1425376,1.9805332,-1.799229,-0.003730774,-0.6638814,-0.8816979,1.6317239,-1.1829607,1.1148994,2.3570042
341,3.6531336,0.7985441,2.0364916,-1.2053945,-0.054990053,-0.341355,0.41965723,-0.16070002,2.7520103,-0.7837871,1.3577089,-0.5317082
342,0.35849792,-2.544241,-3.5163376,-0.7682601,-2.525103,-0.98683697,-1.4815073,-1.1648707,0.23279761,-3.139599,-3.1930468,-0.78484714
343,1.6115382,-1.5718724,-0.42432553,-1.4825932,-1.5302092,-0.57022333,-0.26317677,-0.54469466,1.0849912,-1.1400671,0.84657055,-2.875542
344,4.1899166,-0.29212695,-0.42916316,0.5302602,-0.18099523,0.488402,0.4486568,0.3967706,2.7912846,-1.4200726,0.98808557,0.12270343
345,5.147751,0.3954473,0.7389448,1.9298192,0.9395523,0.43073225,0.053254128,0.19578147,4.2002645,2.0672011,1.7407043,0.44260335
346,3.2906249,-3.5988631,1.5327704,5.9774165,-1.0427918,1.3620465,-0.6159799,-0.08014703,4.272323,-3.1698089,0.78150046,6.2022305
347,2.061753,1.5788137,1.8907475,-0.98353285,-1.1381028,-0.84754384,-0.12582594,-0.7730675,1.9852866,1.7550528,2.887103,-0.70973164
348,0.86564034,0.98330545,1.362536,0.47542214,-2.1465313,-0.6511923,-0.5344547,-1.2023776,0.6335952,0.2197069,0.95083153,1.0450914
349,3.733084,-3.0064242,2.781031,-0.10711442,-0.40733075,0.33705533,0.5503814,0.1969651,3.2605617,-5.7303634,3.3419507,-0.9514364
350,5.7588143,0.9020596,0.7804161,-2.8452902,2.0706067,-0.8874801,0.3490097,0.17507839,5.2640896,1.365625,-0.01137954,-2.8050404
351,2.5573132,1.1727366,-0.24385911,1.4512144,-1.1422329,0.16747695,-0.14187214,-0.3891996,2.656605,0.39811528,-0.3250068,2.5201883
352,2.9749877,-0.09044172,1.7643116,-3.1027606,-0.669482,-0.50338256,0.7686373,0.11025596,2.2298121,-0.3193412,-0.3511994,-4.3792353
353,2.6741917,-1.5894504,-3.296045,1.410479,-1.1710474,0.04289937,-0.72062755,-0.28432822,3.672234,-2.06116,-1.8988582,0.6564931
354,2.9769638,0.43288583,-1.6135488,-5.431188,-0.65472555,-1.3296835,0.49838018,0.560104,3.2494965,0.93348706,-1.8269936,-4.811987
355,1.7657855,0.7246164,-0.10291368,3.9021761,-1.814455,0.435665,-0.7882682,-0.78509045,1.5885142,-0.816555,-1.2373333,3.1397943
356,0.54128855,-2.721107,0.82117707,2.4562519,-2.429702,-0.19917071,-1.0819931,-1.2744799,1.2877605,-2.75123,1.7719179,3.4470158
357,2.9073036,1.4698826,0.54073447,-0.33247727,-0.6050389,-0.42742062,-0.036419928,-0.46367556,2.39193,1.7295314,0.005303383,-0.9113237
358,3.7768376,-2.7479973,-1.6570435,1.684747,-0.47310114,0.5766965,-0.13284436,0.24481118,4.3232727,-4.0748777,-0.8796402,1.0808918
359,1.6546175,-0.99291354,-1.2370605,2.207007,-1.6902162,0.050151944,-0.7663574,-0.7690505,2.0441446,-0.40127182,-1.6108443,2.00835
360,5.002081,-1.395504,-2.184948,3.5508623,0.072566986,1.2990134,0.10177231,0.74655557,6.1608973,-3.215416,-1.7517259,4.029647
361,2.2855668,1.3412656,0.99143654,0.97692484,-1.2484101,-0.09716308,-0.12982082,-0.57984084,3.7186322,2.0303729,2.5039191,0.95349807
362,1.2156065,-0.60163665,-2.266817,1.2682976,-1.932125,-0.37843505,-0.9313729,-0.9863306,1.2238,-0.25649822,-1.6003942,1.1396538
363,7.5469685,-3.6146214,3.3411493,0.7820863,1.8552308,1.4420356,1.6211591,1.7288827,7.8359327,-3.531685,7.6531377,-5.601362
364,3.37138,0.92010814,0.8576247,-0.5400994,-0.42666936,-0.14219835,0.31093723,-0.1333108,1.2037859,2.6298664,0.033727884,-1.2166367
365,2.872355,-4.0615044,-1.6977806,-1.517606,-0.8663087,-0.21036175,-0.18148708,-0.061573982,2.9027922,-3.1460419,-0.9103182,-1.2773963
366,3.9670184,-1.0264711,-3.0134354,-1.0382253,-0.22500658,0.1073758,0.097904444,0.38829422,3.8729508,0.22746241,-2.699951,-0.044501662
367,7.687584,0.1365646,-2.6478057,-2.8986623,2.7184777,0.06296003,1.0550485,1.4245056,3.1745224,-1.4674183,-1.3161769,-4.341389
368,3.1661518,1.2009983,-0.008982837,0.042944685,-0.5972223,-0.108100146,0.097725034,-0.21903193,3.2173574,1.5465733,-1.6916976,0.36246818
369,1.0446479,1.5570457,0.1457774,0.95306134,-2.0278583,-0.53710103,-0.59338176,-1.1415417,1.053919,1.9556377,0.22099274,1.0930773
370,1.250983,2.572476,-0.21484691,-1.8637264,-1.5926415,-1.863666,-0.35120428,-0.92191726,0.7686673,2.772325,-0.20194243,-1.8987314
371,2.60059,-3.3151832,0.019788206,-2.6417751,-0.9936657,-0.34328935,0.15615511,0.02700293,3.4753385,-2.0186348,1.4296179,-2.567878
372,2.421322,-0.49483997,-1.5477147,3.4044483,-1.34606,0.51065075,-0.6541989,-0.43149793,3.013056,-0.89795756,-1.3436593,3.0816512
373,4.6434717,-2.3249674,-2.2010589,-2.6894712,0.2705226,-0.016595125,0.60482824,0.7308363,5.4111323,-2.8456607,-0.89470446,-1.7413652
374,2.4456122,2.2561765,-1.6317062,3.7910504,-1.118862,0.23627406,-0.8992453,-0.7348625,2.6875393,2.3297493,-2.5944433,4.503086
375,1.2789025,-0.5376933,-3.2504969,-1.3062234,-1.7726487,-0.7456622,-0.86629,-0.64469075,1.2560047,-1.0367643,-3.4499176,0.33893538
376,1.4597728,1.4328979,3.2500548,-1.9969548,-1.640179,-1.1227665,0.105115056,-0.7234309,2.0333004,1.6195776,2.9492607,-2.6804094
377,1.7429285,-3.0843048,4.2909703,2.776345,-1.8730956,0.30806124,-0.56022686,-0.69883776,2.0632834,-3.3081667,2.8297913,2.9508238
378,1.7803192,-1.4800386,-1.7716908,0.9637711,-1.5459312,-0.18868542,-0.6619592,-0.6678965,1.5346062,-1.4281518,-1.6596763,0.6703682
379,1.1770852,1.0312723,-0.64905435,-1.1461465,-1.8483819,-0.91643107,-0.33618495,-0.7845705,1.2205429,1.2779728,-0.65291727,-0.16710252
380,5.06588,-1.9352282,1.9382379,3.5870082,0.1267047,1.4180783,0.5487541,0.71081185,5.3592753,-1.6387179,3.421824,2.6342802
381,3.9153025,0.089007124,-0.19790089,4.3389006,-0.45007324,1.0749187,-0.18260497,0.08995581,5.1347537,-2.2642562,0.30866855,3.3720202
382,3.1098726,1.6877875,-1.5746458,-2.0791144,-0.48617744,-0.91922295,0.02662927,-0.16463822,2.5484118,1.7486224,-2.630897,-1.8654165
383,2.0757146,1.2044584,-2.62029,-2.5087726,-1.3024989,-1.0588074,-0.28164017,-0.20088089,2.9796834,1.3443587,-3.8159554,-4.892458
384,0.89492387,-2.9823391,2.2964947,1.932229,-2.2766156,-0.0947257,-0.89022577,-1.1353241,1.0604962,-2.3653193,2.3048744,2.1384103
385,1.8557768,-4.225708,-0.6319019,-0.70588046,-1.50529,-0.2905192,-0.5521776,-0.5264194,2.3163097,-2.909346,-0.59307504,-0.1920352
386,1.1627982,1.1456776,0.16112262,1.8208134,-2.0069718,-0.23245865,-0.6779037,-1.0717211,1.0332236,0.14437759,-0.06889513,1.8468125
387,0.9017586,-2.0533504,1.7808878,-0.012509853,-2.0663624,-0.4693922,-0.53020924,-1.0800725,0.5413148,-2.5670187,-0.07237744,-0.0032271836
388,1.7347081,-2.1492088,-0.18689805,-0.3060391,-1.4899751,-0.35769433,-0.4192223,-0.68550336,1.297461,-0.38037002,0.5538972,-0.20355898
389,5.0755653,1.5082972,0.9452618,-1.0073421,1.8228307,-1.0484893,-0.46416697,-0.3772505,4.2328854,1.6315895,0.28967482,-1.2372067
390,1.457222,0.9468456,1.2373736,-1.6083095,-1.6757036,-0.8607087,0.020585358,-0.65281,1.762785,0.40431428,0.35450536,-1.7727422
391,4.9693737,0.4180531,-1.8404465,1.0616822,0.43765497,0.58512807,0.30909437,0.56033075,1.81089,1.2442021,-0.7354357,-0.5439446
392,0.392834,0.5801515,1.4983647,-0.7098033,-2.3922446,-1.0448546,-0.48405433,-1.2108825,0.3084556,0.97401524,1.3966782,-0.111736834
393,2.4801154,-1.2566851,3.155078,-4.540246,-1.0330021,-0.6218449,0.90173495,0.20141387,2.1607025,-1.9345424,0.49326873,-5.2357044
394,1.7544179,1.5385195,-2.195534,-0.81287444,-1.5465419,-0.6845445,-0.4730752,-0.5821474,1.1631854,1.2398579,-2.3162165,0.06645483
395,0.8980636,1.2230122,0.9250311,1.0790044,-2.1642942,-0.5114149,-0.63558125,-1.2005875,0.78168935,0.72755516,-0.084611714,0.728186
396,2.656606,0.42611086,2.9173436,-1.4497274,-0.93199015,-0.30263692,0.56386864,-0.29731953,1.7535764,-0.20641297,2.6841352,-1.5011106
397,3.2749069,-0.07226099,-0.03108865,5.0314975,-0.95983505,1.1159837,-0.4014926,-0.116095185,2.681078,-2.5478685,0.063813955,6.5187826
398,1.1185901,-2.2984705,1.6580129,-1.3029195,-1.9378736,-0.5546137,-0.2878365,-0.75757104,1.1329786,-2.8219948,0.87173367,-1.1896822
399,2.346032,-0.7918635,6.1505733,-3.7544937,-1.1696479,-0.51512736,1.0687916,-0.04960835,2.7433789,-0.80615944,7.9478955,-4.0269423
400,3.426839,-0.24815293,-0.23651332,2.59946,-0.7158866,0.6795274,-0.058319926,0.0008813143,2.6343346,2.8184583,-1.9735789,2.797061
401,3.41771,0.51994026,-0.6666997,1.521195,-0.66531086,0.44646585,0.0716697,0.01637876,4.989149,3.5158014,-0.5797866,3.0134358
402,2.6286266,1.1277827,-0.009038508,-2.7320406,-0.951164,-0.70883393,0.431908,-0.018584669,2.9746733,2.0510693,-0.09389973,-2.0965881
403,5.7918525,-2.8301272,-2.096949,3.6551855,0.5070274,1.5282794,0.2957089,1.1033169,6.1579385,-1.8290321,-1.4843812,4.500262
404,3.217996,-1.1412355,3.4748063,4.685914,-1.1008594,1.0552572,-0.19018525,-0.0862546,2.6360269,-0.85363615,2.8942866,4.802281
405,3.2989128,-1.1953568,1.691345,-1.0613201,-0.5773907,-0.044325948,0.5069394,0.0146199465,3.8452263,-1.2646513,2.8547232,-1.3429034
406,0.8341741,-0.81240326,-1.2408423,0.8785883,-2.0844574,-0.48672056,-0.87358284,-1.1592332,1.038463,-1.8337185,-2.401577,1.6792803
407,1.8849032,-2.1518102,-3.1636996,0.50456977,-1.5513781,-0.38636214,-0.92489505,-0.63518107,1.5563354,-2.1822467,-2.7451718,0.73652774
408,3.7978938,-0.8795925,1.9615855,-4.577684,-0.18303204,-0.42335922,1.248569,0.6278111,2.934008,-0.98393816,0.6512997,-0.24641657
409,1.2674258,-1.3679584,0.17947668,0.079095304,-1.7484232,-0.47229534,-0.5292138,-0.94079316,1.2084254,-1.051713,0.6010889,-0.9718725
410,3.1159852,1.8349918,0.22400266,-2.4563365,0.05118656,-1.4649262,-0.14941105,-0.5605933,2.444322,2.206118,1.5087571,-3.1273131
411,-0.06500512,-0.78219765,-0.44861162,2.6003232,-2.803614,-0.6388897,-1.1661534,-1.6281171,0.09630905,-0.0980472,0.36194867,2.968155
412,1.6868608,1.5258819,-0.49917138,1.758238,-1.6574055,-0.11979136,-0.49410546,-0.836107,1.5277765,0.8534228,-1.5722206,1.9162076
413,0.2675236,0.674423,-1.2456276,-0.48844355,-2.4152362,-0.98865306,-0.8555213,-1.2367767,0.7964959,1.06098,-1.5019659,-1.1243382
414,1.7873163,0.494107,1.5351627,2.292109,-1.6986883,0.11560631,-0.44357002,-0.74080145,2.4051564,-0.4558918,1.6417714,2.3376527
415,1.5436811,2.4849198,0.049253285,-0.26210064,-1.398929,-1.135309,-0.62656385,-1.1116594,1.4101161,1.912487,0.7433741,0.29693174
416,-0.08980578,-0.393201,2.1018553,-0.3179105,-2.8379455,-0.8409278,-0.74069726,-1.4986622,-0.20481059,0.00041642785,2.8905454,-0.60607314
417,0.6322891,-1.003497,-1.6698089,0.61175656,-2.212436,-0.6755829,-0.95928293,-1.2674559,0.7857567,-1.1247326,-1.78768,0.36688092
418,1.7137754,1.0444304,-0.8321896,-2.277388,-1.5141666,-0.9423861,-0.096704006,-0.40235317,2.0359538,1.2720598,-0.76094425,-1.1582756
419,2.889476,-2.8492446,0.44155568,0.13656785,-0.8579087,0.07780373,-0.034777045,-0.15538228,2.5861309,-2.9447823,-0.3974445,0.6563622
420,3.485525,-2.9236207,-1.5714252,-1.4140427,-0.441669,-0.08565709,0.14000314,0.17959845,3.8013718,-3.2130077,-2.184321,-3.1429057
421,3.0000982,1.669752,2.2368042,0.64920187,-0.027662277,-0.9391535,-0.91000986,-0.93083155,2.5201294,1.6945932,1.9503964,0.20945656
422,2.784366,1.7428371,-1.2579539,5.4080215,-1.1061876,0.8044373,-0.9424989,-0.52679646,2.815813,1.5103546,-0.86738896,5.7379274
423,3.7331603,1.1293325,-0.2762937,1.2491049,-0.19351077,0.2137028,-0.015484095,-0.09424496,2.8848307,-0.39165473,0.6571981,2.116035
424,0.40510827,-1.6996304,-1.7150478,-0.47426373,-2.369052,-0.8214044,-0.9641696,-1.1524851,0.48035812,-0.8304205,-2.5099537,0.126549
425,4.467493,-1.1350671,-1.940247,0.42168564,-0.006421566,0.5267086,0.33980697,0.5600045,4.4921837,-0.32597762,-1.5017569,-0.14428109
426,2.8208458,-2.9030924,-1.8380148,0.26609075,-0.9234259,-0.011025965,-0.33018836,-0.15260226,1.2690158,-4.6044803,-3.5361562,1.4243594
427,-0.27077958,-2.0394979,-0.27830774,0.35390514,-2.8741202,-0.7119304,-1.0702016,-1.6495335,-0.30268383,-2.2108107,-1.1948609,0.1986024
428,0.9416774,-0.06504442,6.4042506,-1.1574898,-2.2883534,-0.74529177,0.040290475,-0.9617033,1.5138993,0.31784797,6.8231354,-0.75042
429,6.1544995,-2.5926409,0.5453996,4.49889,0.6821952,1.9008402,0.6303736,1.2113336,5.225875,0.69373345,-0.60092455,4.225293
430,4.4112434,-3.7722173,2.486669,-1.6599658,-0.0067646503,0.2980668,0.8917732,0.5484171,2.3277829,-3.9721334,2.943964,-1.3334476
431,-0.26671523,0.039436072,-1.8468409,0.18265118,-2.8031325,-0.8362656,-1.249124,-1.6135745,-0.24389842,-0.630494,-0.725788,0.6276645
432,0.42939597,0.88604647,0.04933399,0.2812835,-2.3696313,-0.8690381,-0.73521304,-1.3455279,0.3936609,1.4035273,0.32501665,-0.16861817
433,1.9153881,0.86447346,2.275652,2.360161,-1.6770462,0.16367948,-0.3455273,-0.6738202,1.9666717,0.23699886,3.2981343,2.2200375
434,4.0559483,1.8103012,-0.88356847,1.5832045,0.41095686,-0.15299082,-0.50054574,-0.3606397,4.1238546,0.8431571,-1.058598,-0.5225723
435,1.7455199,-0.4240945,-0.82464033,4.3985524,-1.8451072,0.50331175,-0.92343813,-0.82381487,1.628604,1.2034695,-0.18954676,5.5466757
436,1.5246251,-0.2693532,1.4285178,1.8946804,-1.8003278,-0.03397,-0.5282728,-0.85789794,1.293981,-0.889483,1.6981875,3.0914288
437,3.3343964,-0.7405721,3.0519915,1.8972863,-0.77934504,0.56260073,0.2884847,-0.037626326,3.1935873,-2.0817194,3.9076316,0.92250407
438,0.95900434,-2.5061915,1.9572375,1.3205678,-2.1464653,-0.21806079,-0.75461996,-1.1065924,1.006192,-3.1950662,2.5055633,0.90438247
439,1.8728449,1.4498568,-1.3775988,0.03123723,-1.4763181,-0.48041785,-0.33915812,-0.70409596,2.444642,3.0491238,-2.046155,-1.0138813
440,3.1205673,0.5113274,-1.5772774,3.5460625,-0.96870184,0.7616489,-0.38763574,-0.13002276,3.5432549,-1.0652355,-0.84724593,3.7814784
441,1.3924444,0.037295923,-0.40124404,1.8165799,-1.7973468,-0.0995782,-0.6607106,-0.93511504,0.14864981,-0.8928476,-1.3096075,2.080311
442,2.398176,-0.2698418,0.6382653,-3.101851,-0.99847126,-0.6820108,0.43513608,-0.047549307,2.1423593,-0.8845601,-1.868731,-2.705648
443,3.9549592,0.1614208,0.44663924,-3.1194258,-0.1259973,-0.2826415,0.9631585,0.46177304,3.2884321,0.01207298,-1.7054205,-3.612262
444,4.3386264,1.8578454,-0.22987556,2.458968,0.86476135,-0.29818106,-0.99618626,-0.5219785,3.7244668,0.75724757,-0.28852507,2.4811978
445,0.8092323,-2.9319615,3.6284716,0.33707646,-2.3167856,-0.3862676,-0.6112248,-1.189112,1.2428683,-3.8313215,4.48025,0.14482194
446,2.5608299,1.9868897,-1.7893562,-0.41544276,-0.98518324,-0.55789137,-0.2537608,-0.49083537,3.1136765,3.5486221,-2.008395,-1.2668505
447,4.489371,-1.457342,-2.57191,1.771375,-0.100921154,0.79225373,0.089995325,0.56665397,5.289242,-1.8044481,-1.3452516,1.6919153
448,1.8690934,1.050665,1.4202223,0.8255096,-1.5379064,-0.18639469,-0.17414603,-0.71458805,1.2116916,1.2349385,1.7113822,-0.93780786
449,2.3220222,1.3674455,1.9832668,-1.6305697,-0.9532118,-0.81239915,0.13502306,-0.5621999,2.3905098,1.9116905,4.0932784,-2.5572119
450,3.1231978,-1.6385081,-1.860599,-1.8959215,-0.6070738,-0.30718133,0.09657717,0.04767084,2.4166734,-1.9642012,-1.8820115,-3.0777187
451,4.452711,1.5554239,0.23774838,2.0370772,0.83406377,-0.1679062,-0.6784744,-0.36399055,5.065259,0.11185384,0.5273299,1.436147
452,3.9271162,1.3457788,-2.4658546,4.9385867,-0.39386296,1.0086548,-0.615675,-0.014996946,2.8815603,-2.0795703,-3.4985013,6.0236044
453,0.57701665,1.691668,1.1222825,1.2300838,-2.463584,-0.68773717,-0.79268926,-1.4331434,1.0695355,1.0869688,0.6959772,1.1121581
454,1.474355,1.7123241,2.3694797,-1.5008073,-1.5940882,-1.0980847,-0.08372831,-0.8220914,1.9505806,1.0361488,2.906144,-0.90216404
455,3.2806942,0.32443684,-2.195684,0.93584514,-0.7131536,0.2688836,-0.08884549,0.0049369335,2.3615456,1.2981074,-1.4770159,0.923841
456,3.0465496,0.5195696,2.9623766,-0.14549065,-0.64091706,-0.11547989,0.30816567,-0.29621,3.7774854,0.16406327,4.0506325,-0.48950088
457,1.1223216,-2.0412252,-2.9480407,1.8063856,-2.115997,-0.4645112,-1.2592828,-1.0914303,0.7256529,-1.2922945,-2.467522,2.0134697
458,2.0518239,0.6908063,2.8095536,1.435017,-1.5279531,0.035158098,-0.12043238,-0.5973848,1.4106358,1.7476511,2.7061548,0.26873958
459,2.6464663,0.568662,4.8929143,-4.426172,-0.39692783,-1.3570681,0.65950465,-0.24850875,3.0805614,0.86992097,5.589383,-4.9360867
460,2.0742502,-1.1172396,1.660212,-1.6281315,-1.2596741,-0.4551271,0.15745568,-0.4182204,2.4952905,-0.0050777197,1.6674129,-0.40083385
461,3.8287022,-4.369692,-1.8559232,-0.66586685,-0.34134626,0.18113852,0.044458568,0.33411515,3.7090895,-4.1680274,-2.5493274,0.9450147
462,2.3270957,-3.6992798,-0.43785137,-0.70084745,-1.1932216,-0.17256838,-0.30939168,-0.3723107,2.2189472,-4.117799,-1.2473683,-1.1270941
463,7.5959396,-0.28924817,0.9504619,0.26245385,3.0175018,0.277641,0.47308373,0.8496039,9.52173,1.363503,1.8173939,1.1923134
464,1.2870946,2.6565008,-1.6254451,0.7167973,-1.8982307,-0.7393547,-0.66676366,-1.0444195,1.0515244,1.1746529,-1.4887784,1.0174096
465,1.349246,1.4227484,-0.57837313,-0.901467,-1.7673013,-0.8349104,-0.28576812,-0.75924265,1.8012444,1.4179533,0.1276626,-1.4141369
466,0.3567444,2.9133873,-1.1045506,0.8912171,-2.5589826,-0.97753125,-0.90107524,-1.4755658,0.34854728,2.7817788,-1.0982895,2.1822999
467,3.2187126,-2.2988172,0.22880572,-0.8855431,-0.61166525,-0.051492214,0.22313124,0.013171554,3.2107408,-2.5603418,0.22322768,-1.7632766
468,2.3450015,0.82113475,-0.43457133,1.916485,-1.2695401,0.21294355,-0.30554342,-0.48618156,2.508905,1.989799,-0.16259748,2.159406
469,4.834478,-1.9461187,-0.9687198,6.731091,-0.22631884,1.8524746,-0.24720016,0.5669284,5.3058777,-1.6949006,-2.3660126,5.8592377
470,3.7143629,-1.5846726,-2.8927467,2.7651112,-0.65753746,0.62128603,-0.36984918,0.16004562,3.3093,-1.8014592,-2.4586942,3.108369
471,6.1706953,-0.017147139,1.2143893,-4.94517,1.9346824,-0.67608327,1.2712669,0.8109776,9.076929,0.15799059,2.109922,-4.4115925
472,5.8025846,-1.1275359,-0.4748333,6.6812387,0.74578,1.8418578,-0.2072289,0.67211497,4.058273,2.1517873,0.9895858,3.9573293
473,4.0541553,-0.7979303,2.8646245,1.5519629,-0.26792097,0.6674539,0.54988873,0.22299612,2.0745358,1.0866032,2.366119,1.5570048
474,0.62974375,0.20943962,0.65174335,-0.17379381,-2.166391,-0.79675764,-0.54548144,-1.178829,0.53409815,0.4432864,0.97056556,1.2317026
475,1.5190651,2.5460012,0.62142926,1.2122098,-1.4402914,-0.93723905,-1.042007,-1.309017,1.4319859,2.114719,-0.6528742,0.82446647
476,4.594917,-3.263229,-2.5928967,1.2205538,-0.021494389,0.64368284,0.0859074,0.62415254,4.383361,-4.3308024,-1.2603321,1.7093067
477,4.1932383,-3.7928843,0.023881137,-2.1224732,-0.08192134,0.08951169,0.5939841,0.49798214,4.3866973,-2.584985,0.72741807,-0.55302274
478,4.5535345,1.0956955,0.3111952,4.025209,0.61183405,0.39798576,-0.8002855,-0.23993593,4.1996665,-0.56176305,0.6320689,5.489463
479,2.75475,-2.1621735,4.1772804,2.834148,-1.2161942,0.579708,-0.085460305,-0.2622251,3.627248,-0.8749676,2.8741708,3.4096746
480,0.4890465,1.8954366,0.33018106,1.4346703,-2.5084667,-0.7111784,-0.89441144,-1.4934196,0.20560798,1.1120255,0.32928362,1.5713819
481,2.4748743,-3.1503344,2.6426208,4.002807,-1.4167225,0.7324456,-0.54627275,-0.40585566,1.9938167,-0.11521244,3.5420833,3.376124
482,1.7061923,-1.5874432,-0.5325276,-1.5071639,-1.4698423,-0.5546451,-0.24262199,-0.5067827,2.124174,-2.7514954,-0.5236512,-1.4725839
483,3.845331,0.25044197,2.2917964,1.4257569,-0.11037779,0.24551278,0.094860196,-0.10743117,4.840186,3.603724,2.460842,2.4756541
484,2.8106272,-1.2724433,1.1912923,1.7415416,-0.9993744,0.3622657,-0.07737017,-0.26230192,2.8013513,-2.594164,1.5244026,2.0777693
485,0.5170371,1.5499803,-0.357845,0.04221504,-2.3125405,-0.9575572,-0.65537727,-1.2528658,0.5042533,1.5919482,0.37503803,0.28367534
486,0.5460517,-2.3321419,-2.1731763,0.13887812,-2.330163,-0.8082959,-1.1393584,-1.246012,0.5764393,-3.0615523,-2.272023,0.27028188
487,4.149069,0.16821705,-0.08564049,-0.36124772,-0.15926838,0.30092525,0.61174405,0.38689148,4.086916,2.764798,2.1036887,-2.7263675
488,5.652627,-1.4932164,1.3919046,-1.0441152,0.72235656,0.6388737,1.2851986,1.072925,8.5255995,-1.8957406,-0.8409989,-1.7609066
489,5.7150254,-0.06955488,-0.70134324,-0.33274275,1.0796409,0.40828425,0.6795521,0.7895645,5.24303,0.43674552,-1.5545683,2.553255
490,2.6748507,-1.1828661,1.4703267,0.29113024,-0.9931874,0.036953032,0.090458274,-0.29524082,2.196585,-0.56821233,-0.53155017,-1.3372514
491,3.706857,-0.48407537,2.335041,-1.823214,-0.32296968,-0.06950542,0.86496747,0.19573557,3.4202144,0.41697162,2.6959908,0.8426192
492,3.8427403,-0.6162155,-0.34978944,0.6818912,-0.37564516,0.42032683,0.29352784,0.24053466,4.6051044,0.50176376,-0.69613445,0.8638265
493,5.2201166,0.756411,-1.0047562,0.35828882,0.9210577,0.2421093,0.26449096,0.4118129,3.5294204,0.22156239,-1.7139635,-0.9735828
494,5.1508284,-1.6491762,-2.6973414,1.9150058,0.26141596,1.0220206,0.283962,0.8665633,5.216184,-1.0439341,-4.4244494,2.8522139
495,0.25464183,0.5263189,-0.519812,0.5940382,-2.471714,-0.80043805,-0.8921508,-1.4670875,0.47038767,1.451257,-0.022103012,0.36446655
496,1.7855341,0.47517887,-2.723775,-2.8867307,-1.4410367,-1.0492666,-0.3938319,-0.23667872,2.473563,0.8844795,-3.785459,-4.0786347
497,3.4030755,-1.5508293,-0.1264177,-2.6880689,-0.43066168,-0.32368252,0.5439806,0.22919345,2.7213933,-0.8932869,-1.2635772,-2.5852327
498,4.9691267,-2.3703125,0.56394523,0.012009338,0.28972435,0.6522461,0.77558494,0.7777227,3.6304193,-1.785243,2.3804765,-1.1173588
499,2.9901836,1.7494107,0.4686641,-0.48163056,-0.3220129,-0.70572627,-0.2509653,-0.6237404,3.634662,2.4393854,1.6218517,0.22206664
500,1.6328688,-1.7969152,2.8229983,-0.49629265,-1.6135174,-0.35371462,-0.10877681,-0.76891184,1.60258,-0.121659756,3.8542657,-0.43552458
501,3.4067905,-0.82326835,1.8509407,-0.108545825,-0.5777564,0.177867,0.4688046,0.032900333,3.3780222,-2.1633878,0.62909174,-0.35419625
502,2.9188068,0.48835647,2.147432,1.0007257,-0.8822148,0.18193823,0.17714411,-0.27400738,2.2967424,0.62378055,2.5097003,0.9121379
503,5.242185,-1.6373119,-0.6578029,-1.2661568,0.50998306,0.44769764,0.9408301,0.9374336,3.7440977,-0.73335236,-0.5966779,-0.65590537
504,1.3349535,-2.9932365,-0.25264925,0.27681598,-1.7853233,-0.30485812,-0.6935735,-0.87055945,1.7926955,-2.61554,-0.032491416,0.6479374
505,1.1205595,-1.5689217,0.27096707,0.07136527,-1.8510427,-0.48763728,-0.5799602,-0.9914795,0.68600243,-1.2474842,-0.24010634,0.07216216
506,3.6944911,-2.2084894,1.0223143,-2.2029784,-0.3169725,-0.12493336,0.64700294,0.24109328,3.3207824,-3.8600311,0.8115889,-4.6853676
507,6.796371,0.8658318,-0.6860598,-1.3525705,2.6892405,-0.37208432,0.25421613,0.53042376,8.0001955,1.231178,-0.12491399,-2.3394861
508,1.7107444,-1.079886,3.2064695,-0.6946663,-1.5542252,-0.41368735,0.017452478,-0.72135705,1.1519374,-1.2279136,2.6802454,-1.1929252
509,6.98737,-0.06442027,-4.9229693,1.5944164,1.4574323,1.2208207,0.33030367,1.469313,7.4135914,0.75977075,-6.323901,2.6249866
510,6.540148,-2.673223,2.606756,1.289764,1.2152038,1.2757019,1.2324915,1.30624,6.717644,-6.419201,1.4177327,2.211482
511,5.1521273,0.1598128,1.6714802,-3.3045518,0.99910736,-0.38057864,1.0471939,0.5067879,3.7458835,0.26201552,0.90638345,-4.880627
512,1.778708,0.44434166,0.7452058,-0.72543496,-1.4654636,-0.5078124,-0.07759786,-0.6586684,1.9951383,0.05961594,-0.22377795,-0.19902289
513,2.6505497,-4.4689145,-1.6907749,2.1666033,-1.1916522,0.15167415,-0.69257677,-0.31048203,2.974007,-6.7125087,-1.0899985,1.6319374
514,0.43534774,-0.8905845,-0.1986745,-0.97900933,-2.3047445,-0.84344643,-0.6246104,-1.0752014,0.41325068,-2.2770998,-0.8462466,-1.0238414
515,3.5117762,-1.4707466,0.19902188,1.8900716,-0.6184974,0.5817658,0.03293252,0.06822884,3.2075975,-3.1646218,1.8248091,-0.22191453
516,2.7967756,1.3044751,-1.9644976,-0.21065591,-0.94412947,-0.19291806,-0.106465995,-0.23691404,2.4871235,1.8007803,-1.4605817,0.5762023
517,4.84501,1.3317729,-2.503818,3.1922805,0.59772015,0.61760294,-0.40776822,0.14854968,5.436372,3.3606887,-2.2866466,2.9455676
518,2.1142046,0.5638803,3.379611,0.8282817,-1.4464477,-0.06678945,0.014719129,-0.56921357,2.226465,2.0825632,4.0941224,-0.42850274
519,2.3488815,-0.32387,1.2711082,-0.5958791,-1.1293597,-0.25109863,0.11257428,-0.43363118,2.5159373,-0.9725064,0.484605,-0.040719748
520,2.7075126,-2.3587224,-0.10442191,4.4983187,-1.2441062,0.8492093,-0.66857314,-0.33834106,2.9556983,-3.1803515,-0.78600794,5.986905
521,3.6624215,0.48104727,-0.8115819,1.8815556,-0.5513947,0.58838546,0.09640288,0.12107885,4.544133,2.9327507,-0.51538837,1.4296635
522,0.5219647,-0.7418364,-2.4238343,-0.18178351,-2.2639947,-0.8440777,-1.0743744,-1.1582149,0.48573703,-0.3602178,-1.9747491,-0.7878436
523,1.6549187,-1.397819,-0.820458,-1.6234509,-1.4855065,-0.6015265,-0.25547424,-0.5004121,2.037127,-1.8492196,-2.242217,-1.0604792
524,5.2494936,1.130526,-1.5412061,-2.146388,1.207706,-0.54801035,0.36134583,0.3463117,2.250691,1.1411402,-2.7162135,-2.0260234
525,0.034499824,-0.70804584,-0.10928267,0.8574714,-2.6282244,-0.7472354,-1.0282648,-1.6051801,0.30409074,-0.55226374,1.1485822,0.7609546
526,1.2842641,-2.908011,0.2604174,-0.9879413,-1.8022013,-0.46444738,-0.47228092,-0.7052021,1.4958109,-2.2699196,0.19350508,-1.1825874
527,2.8247707,-2.677725,2.5185437,3.4776828,-1.139109,0.7271637,-0.28968614,-0.25522637,2.8406844,-2.3067346,1.2374967,2.8745203
528,2.207938,-1.5887638,-3.344391,-1.8006517,-1.1973857,-0.5423204,-0.5681038,-0.24479812,2.0302851,-1.379162,-3.2838323,-0.405043
529,3.5724804,2.2823434,-2.5749097,2.7759304,-0.09045839,-0.0019253492,-0.8528445,-0.48968905,5.323236,2.915821,-2.7934718,1.9230506
530,-0.029767275,-1.914148,-0.24774092,0.08984013,-2.7067986,-0.67854315,-1.0124271,-1.47371,-0.11631491,-1.7728773,-0.27277246,0.09945771
531,2.7981317,-0.17834021,3.3061118,2.129052,-1.1164615,0.4007604,0.03803265,-0.28420424,3.6467042,-1.6309214,3.3096173,2.467012
532,1.8966877,-2.4636917,-4.0414248,-3.8187108,-1.4453542,-0.89345676,-0.7277393,-0.014991283,2.2258067,-3.2463675,-3.8857105,-4.893099
533,0.43024558,0.10822551,-1.5835903,1.1041392,-2.3857205,-0.64376634,-1.0087457,-1.4362652,0.25224936,1.0645804,-2.4636447,2.1957703
534,2.4713295,1.082283,-2.9961042,0.59374136,-1.2186418,-0.06771171,-0.53280604,-0.36024314,2.2594943,0.7494024,-3.0407135,-0.6094622
535,3.0812008,-1.8466955,1.4521194,0.7429368,-0.7904153,0.25270665,0.13738453,-0.11196196,2.4422095,-4.7233615,0.9559764,0.219939
536,2.3543131,2.123245,-1.3808222,-0.22029983,-1.0649049,-0.6281671,-0.31054986,-0.64517945,2.8580365,1.7200458,-2.0175679,1.1208223
537,1.8329155,0.53442055,2.450659,2.2434154,-1.7202667,0.12068653,-0.36679792,-0.7069787,2.8327057,-0.44853854,2.0725803,2.3441622
538,-0.2942354,-1.1016537,-0.54667187,0.5567187,-2.8467991,-0.76117224,-1.0631219,-1.7133174,-0.62113464,0.460765,-1.0214787,0.36357537
539,2.991587,-4.8589497,0.25063568,2.0267413,-0.9318826,0.53932667,-0.3878503,-0.123227894,2.8636034,-4.530525,1.2387401,1.3239803
540,3.9606745,1.5502616,-1.9889321,-2.5560853,0.24316597,-1.0173657,0.11309445,0.007059574,7.154405,2.1834176,-1.3942626,-1.9786034
541,1.3348713,0.68425155,0.098285615,1.5809538,-1.835309,-0.18536091,-0.5806054,-0.9757073,1.3453914,-0.50641525,0.26494753,1.9372799
542,3.5460513,-0.6129764,-0.9043413,-4.2641177,-0.2916379,-0.5526062,0.72065437,0.55511343,2.9049761,-0.07445681,-1.1280667,-5.0594826
543,4.1811657,-1.9457856,-0.24265724,-1.2649351,-0.06681919,0.14483327,0.5859244,0.45758307,3.948238,-2.5472488,-0.019987404,-0.3575979
544,1.1355779,1.6885539,0.6790156,0.98048943,-2.0086768,-0.5081278,-0.52750593,-1.0929123,1.7477624,1.8458064,0.77644897,0.055482924
545,3.615709,-1.1259235,-2.9383936,1.549475,-0.6145582,0.43076938,-0.27201933,0.16005671,4.1319976,0.9523932,-2.278224,1.4592199
546,5.095896,-1.6614486,0.21251696,-0.0064437836,0.3541186,0.67319846,0.82823956,0.82953537,6.7300572,-1.415278,1.9261377,2.1318297
547,4.016693,0.8585922,-1.3946807,1.0894966,-0.19775653,0.41314894,0.15553415,0.20581615,2.8420305,-1.3874195,-1.6391295,0.9299162
548,1.6006291,0.013657853,0.8353082,4.4813237,-1.9963137,0.48641062,-0.8941238,-0.815348,1.5668703,1.7818699,0.6716378,3.999812
549,1.0909328,0.29245323,1.5226529,-2.5823364,-1.9220608,-1.0704387,0.047403753,-0.6426945,1.6082301,-0.93146175,2.5728097,-2.6212676
550,4.1450267,-3.2080646,-0.96156424,4.9217887,-0.49454784,1.2646427,-0.34734273,0.3045889,3.9387848,-4.8189793,-1.735141,4.639543
551,2.5295446,-0.311688,-2.4356692,-0.88794273,-1.020731,-0.2910024,-0.28302908,-0.28211868,1.9192483,-2.3028908,-3.251759,-2.2425816
552,4.4657536,-2.6354604,-0.28356916,0.15887983,0.014686108,0.5185678,0.46433914,0.56402147,3.8648627,-3.0723655,-0.61132634,1.7292312
553,2.6561215,-4.393937,1.7723227,0.89570403,-1.1020797,0.2895589,-0.18320626,-0.2806697,2.9383454,-3.8709693,1.8292146,1.3819548
554,1.7914069,-2.0237312,-0.7228555,2.0351982,-1.5751177,0.099772096,-0.7157812,-0.6771109,1.9649653,-0.9467331,-1.5938478,1.9385992
555,2.3268201,1.717039,1.1632795,-0.39806616,-0.9434562,-0.72287947,-0.2419911,-0.7750489,1.5859003,2.2287722,1.4917134,0.09076345
556,1.036304,0.328709,-3.710256,-0.14491303,-2.0863252,-0.77596414,-1.2096792,-0.97308767,0.43473375,1.4660738,-3.896535,-0.72982854
557,1.0872166,-0.92724425,4.9603233,-3.6828048,-2.0594783,-0.87988096,0.4881221,-0.46290332,1.4358573,0.072494626,5.7637463,-3.9911
558,3.875344,0.2148516,2.0927746,0.4914385,-0.1196568,0.20243102,0.38799262,0.004232526,3.279128,-0.3429488,1.7475411,-0.10200322
559,3.239761,1.9355903,-0.30132014,-2.4155426,0.16913438,-1.5553837,-0.21146831,-0.56208503,2.012298,3.0490136,-0.51410806,-2.0435588
560,5.569543,-1.4636697,3.3973215,-3.321698,0.9326048,0.071724296,1.6181254,0.9450935,3.9624288,-1.3118625,7.1860504,-3.417254
561,0.8684538,1.0229328,3.9348059,0.11091472,-2.2714365,-0.7346927,-0.33796364,-1.1905091,1.0080106,0.9871352,3.9170692,0.123626456
562,3.4367573,1.1186277,-0.13060552,-4.033788,-0.09043312,-1.1978587,0.5554366,0.16917717,4.337077,0.61889267,-1.7752178,-4.226647
563,6.5193486,0.6036964,-0.9612182,-3.204979,2.2580667,-0.54204583,0.7183924,0.7444154,11.194615,0.37755617,-0.1929506,-3.4895961
564,1.574367,0.07216026,2.2490704,-2.3056636,-1.581655,-0.8020363,0.22779655,-0.51404953,1.5721189,0.253065,1.8396984,-1.5559938
565,2.8486044,1.7274922,-1.7197807,2.8436077,-0.9555228,0.377899,-0.4721067,-0.37311924,3.2470012,2.5421686,-1.5589225,4.507885
566,3.8267233,-2.9252377,0.6793863,7.6305256,-0.8850417,1.7929951,-0.66678965,0.10664427,3.5884156,-2.5156999,0.6850181,6.5408826
567,2.247689,1.3860407,1.7248137,-2.5675583,-0.9831412,-1.0136764,0.25027663,-0.40429348,2.5118961,2.5643005,0.24634683,-2.7718964
568,1.5111387,-0.22627287,-0.8664486,-1.8440765,-1.5492983,-0.7920163,-0.19878325,-0.5306454,1.570335,-1.0727726,-0.39722177,-3.4123402
569,2.3346088,-0.4466613,-1.0641382,-1.3371898,-1.0847027,-0.42994913,-0.05148697,-0.32282603,2.1125376,0.020594448,-2.0325017,-1.0503993
570,3.016609,1.9552168,-1.2104824,1.196117,-0.52688694,-0.24219874,-0.4674695,-0.5231752,2.5332017,1.6009325,-0.77293676,1.2752397
571,1.2977767,1.1376141,-2.8056493,1.684708,-2.003442,-0.31922472,-1.0283828,-0.99416834,1.1679869,-1.3638335,-2.9293895,2.7259526
572,7.5379477,-1.4738971,2.9071655,-1.7117883,2.6701612,0.27152455,1.2643108,1.1789671,7.739281,-0.7114369,2.6196897,-2.7199888
573,1.5152624,-0.44616145,-0.57590836,1.1370434,-1.6747952,-0.20141807,-0.5889867,-0.84251565,1.1468749,-0.82482064,-0.73939216,1.5075154
574,1.235728,-1.5600969,1.5839496,-1.2213544,-1.826297,-0.57133865,-0.21351922,-0.76519376,1.3605,-0.12702966,3.383853,-0.9903667
575,0.53992945,0.17736445,2.037666,1.2048862,-2.439185,-0.55825806,-0.764215,-1.3662105,0.04336354,-0.39886755,1.5172155,1.8882535
576,1.241334,1.9052975,0.71422154,-1.6469144,-1.8577735,-1.1303074,-0.05111766,-0.7298995,0.44013077,2.2679834,0.19093412,-1.5336676
577,2.9170425,0.35921443,5.7067337,-5.4623923,-0.22766161,-1.324296,1.0373282,0.013098359,3.0804522,0.79875255,3.5108738,-6.6100097
578,2.113278,0.7883751,1.929285,0.7400721,-1.393681,-0.08219811,-0.03979945,-0.58487356,2.7979345,0.7860988,3.147458,1.3931696
579,4.2785745,-1.5876356,-0.1869176,3.5457187,-0.29186916,1.1328614,0.053236783,0.38293898,4.6411858,-0.33029103,0.5947914,3.059345
580,4.788553,-2.287253,-1.8193438,1.7761632,0.0935452,0.9088956,0.22924966,0.6952549,4.3671064,-1.8468962,-2.2608325,0.46614885
581,4.4277925,0.69170666,-0.2100547,0.1765265,0.2734108,0.19262004,0.32544446,0.23220491,4.6620746,0.277643,1.1495705,0.282555
582,3.7198622,-1.1054124,5.4906855,-1.1308272,-0.34495807,0.068050325,0.9925202,0.12578034,4.556798,-1.9380924,2.75893,0.45097733
583,4.4092813,-2.3391984,-2.6061726,1.0387669,-0.10144997,0.5995718,0.09469801,0.5502342,5.069218,-2.1575518,-3.1946585,-1.8275547
584,4.326636,-1.2166394,2.4884427,7.493151,-0.42478728,1.5742143,-1.0011857,-0.115029454,4.018074,0.8533381,2.473565,8.021095
585,2.9272835,1.3418435,-1.8894494,-3.1272984,-0.7955456,-0.96606797,0.211959,0.17255342,2.9207556,0.90512145,-2.0496016,-3.2152727
586,0.9081821,-3.7537487,-1.864114,1.0332949,-2.2024393,-0.5788224,-1.1115847,-1.1593337,0.7235832,-2.5702548,-2.0537763,0.7534832
587,0.42268974,0.5896012,-0.7325855,1.3924792,-2.4126873,-0.53728116,-0.9679034,-1.4565536,0.037020683,1.1013671,-0.107922256,1.7630622
588,4.984105,-3.3480468,2.2834325,-2.5153818,0.36889267,0.26812768,1.2143971,0.8240415,4.430715,-4.9221807,1.4475956,-3.4884107
589,3.188916,-1.1326983,-2.9682424,1.6716405,-0.87319446,0.30057138,-0.45517597,-0.044526815,2.373646,0.19057024,-3.557462,2.7030709
590,1.7805378,-2.1820114,0.7467684,-2.3897734,-1.4773945,-0.55286056,-0.0019749403,-0.33068758,1.6009414,-2.3301,2.24314,-2.5399597
591,5.750469,-2.2981405,-3.5565202,1.6606091,0.5609441,1.0638824,0.32610023,1.1331068,5.2767625,-5.4299507,-4.9160886,3.983706
592,5.3076186,-1.6230216,-1.4199684,2.4072487,0.34040856,1.1861275,0.42429388,0.8923806,3.9849806,-0.48032343,-0.47776306,2.067701
593,-0.019941807,0.4357692,1.7869484,-0.32554543,-2.7662337,-0.9782269,-0.7190565,-1.4803782,-0.12519859,-0.12721634,1.6827053,-0.57426655
594,5.2852974,1.9528903,-2.3983555,-2.3965878,1.9264994,-1.7262446,-0.30382356,-0.18821591,2.1113496,1.8912086,-1.9558046,-1.607052
595,1.5363939,-2.7140064,1.4994059,1.3982872,-1.7054467,-0.031736195,-0.55468386,-0.824113,1.6033497,-3.2704961,2.1300929,0.5445411
596,7.550152,-3.3445914,1.5241303,4.0686812,1.7181954,2.0240207,0.9832635,1.6422466,12.0971365,-3.5641809,2.5500467,3.3636901
597,3.7606719,-3.0926855,0.6611945,-0.34412438,-0.34994316,0.24092668,0.3488798,0.24976587,1.2991633,-2.230568,-1.3750918,1.2983968
598,2.2157109,1.0187494,-0.9374109,-1.1542358,-1.226274,-0.5495219,-0.03283137,-0.39969742,1.7577927,0.116449475,-2.0911937,-0.8142408
599,1.6138523,-5.294984,1.2150986,3.5989048,-1.8995813,0.41146493,-0.9916043,-0.8599775,2.340213,-5.623461,0.40742874,3.7694988
600,1.5838175,1.3439873,2.4885707,-1.0701045,-1.6700622,-0.7226645,0.08705521,-0.70493627,1.4482386,2.3340828,1.7107394,-2.245069
601,2.1025598,0.82588977,1.3391411,-1.6307734,-1.2796209,-0.6073309,0.23166758,-0.41223383,2.7234628,0.8910675,3.054414,-1.9988111
602,5.110642,0.37400532,0.4665131,-3.9534507,0.96011305,-0.5467663,1.0253849,0.58916044,4.432144,0.66544735,1.7610426,-2.1420135
603,1.3004019,-3.6527722,0.81558913,3.1488545,-2.0058174,0.21254992,-0.99421835,-0.9689007,1.1421422,-4.3983965,1.0120198,2.768063
604,2.5488565,-0.24763529,-1.4051368,2.4369526,-1.1988932,0.3874458,-0.47086182,-0.35272044,2.8960817,-0.5737932,-2.6546001,3.0138822
605,1.0046456,1.073069,-2.0331795,-1.6311605,-1.970683,-1.1042445,-0.64588773,-0.74897456,1.0853494,0.745238,-2.3548207,-1.0146421
606,0.29448503,0.018712506,-0.45251822,4.039861,-2.7074995,-0.238083,-1.2049178,-1.35154,0.46927232,-0.11942288,-0.6007578,3.6544745
607,1.9731896,2.2489448,-2.167686,1.5023158,-1.5799277,-0.1695618,-0.59528744,-0.6853007,2.5985246,2.6353304,-1.8375098,1.7941691
608,2.3681862,-1.7036419,1.6950464,4.4778895,-1.5316167,0.7690786,-0.67191124,-0.4745984,2.384889,-2.9792144,1.0273774,4.6490555
609,0.30081612,-0.022708967,0.6560957,0.88446856,-2.4896758,-0.71498203,-0.9061965,-1.5246594,0.6539409,-0.19393593,0.19171709,1.2874484
610,1.0053926,-0.47334522,-0.24279934,-3.041081,-1.9728274,-1.0531592,-0.16194755,-0.54612386,0.8618922,-0.71876866,0.062241614,-2.7775972
611,0.7133588,2.5387475,-2.4259005,-0.924936,-2.2658052,-1.5480577,-0.8851458,-1.0193601,1.1688273,2.7503462,-2.3459058,-1.0109134
612,4.4192767,-0.9918534,2.489177,1.1737281,-0.06173587,0.7110847,0.693609,0.4201721,5.298229,-0.70700425,2.099328,1.6265287
613,1.6122668,0.63988924,1.6259065,3.9771085,-2.0086043,0.38191283,-0.7591693,-0.82102406,2.3567457,0.6249472,1.6802814,3.9645317
614,1.8840253,0.5704575,-1.4826312,-2.4862735,-1.3775766,-0.86409074,-0.14688665,-0.28288722,1.7048094,0.2247715,-2.1980214,-2.4462113
615,2.3980532,-2.7631192,-0.33496696,-4.213079,-1.0831105,-0.65277225,0.27196777,0.2252636,1.6147664,-3.3681593,-0.59122574,-4.1444135
616,2.0652149,-0.8418326,-2.9469712,-0.67513454,-1.3286939,-0.41565388,-0.6163335,-0.485514,1.1960449,-0.33820045,-2.811621,1.270449
617,4.352854,0.47759095,-3.1577709,0.6961281,-0.1390543,0.5497036,0.12202251,0.50618255,3.852998,-1.2764491,-2.1230443,-1.2743437
618,2.8909707,-0.6110038,-3.9992065,-3.2925608,-0.76082563,-0.56126606,-0.2755519,0.27329004,3.1164486,-1.2154496,-3.911676,-1.612284
619,0.5775971,0.062021926,-2.0957975,0.4038005,-2.2558866,-0.71425253,-1.0015903,-1.2374946,1.1725793,-1.1460075,-2.7346754,-0.0057283044
620,3.0553946,-3.9610658,0.86463517,0.07169981,-0.8198552,0.19995934,-0.0028566122,-0.07482761,4.744381,-5.9228144,1.378791,-0.6017043
621,1.0074837,-0.74580014,1.3080337,1.0018907,-2.0220873,-0.37593937,-0.62443334,-1.0982606,0.48054868,-0.10408747,2.4888515,1.4451119
622,5.1042366,0.054724857,-1.1217148,0.8226853,0.51018524,0.60764,0.46092093,0.6336727,4.254172,-0.31422567,-0.30219018,2.3378308
623,1.0632806,-0.9215624,-1.7851233,-3.0407453,-1.9159627,-0.9626848,-0.44724151,-0.47520864,1.2342058,-0.5568514,-1.8047988,-2.954896
624,3.7893984,-1.0706481,1.7741373,-2.36257,-0.23797607,-0.15872777,0.861989,0.26297164,3.44274,0.7204555,2.517172,-1.1950384
625,2.832095,-2.1346002,1.5859554,-0.74496233,-0.86122084,-0.09074247,0.22556257,-0.1898163,2.8419375,-2.1191113,0.99921477,0.041344285
626,3.017841,-2.6546106,1.1670184,0.7945606,-0.8176527,0.24564695,0.02577889,-0.12496048,3.9375124,-2.6003811,0.52123857,0.54815865
627,8.208382,-1.0390863,-1.2206922,-0.10882728,2.9048772,0.75870466,0.9312905,1.5454482,6.633954,0.8079759,-1.0646042,-2.5177803
628,2.3716767,-3.6307974,-1.2847283,-0.29351652,-1.1894627,-0.15378985,-0.42075697,-0.3481806,2.224496,-4.0085497,-1.7476584,-1.9544555
629,4.2286367,0.659772,0.8426989,0.3717925,0.21905255,0.1284293,0.2702344,0.06436229,3.1494322,-1.9723423,1.5101819,-0.5393996
630,-0.18289375,1.7337424,-0.6758993,1.4855708,-2.8606794,-0.8367056,-1.0816157,-1.7762032,-0.07558191,1.5839497,-0.35792834,1.6607512
631,4.628129,-2.6086645,-1.8615615,-1.1079551,0.18352818,0.282669,0.504277,0.689813,3.966549,-3.3017194,-3.335072,-0.75293356
632,7.1620393,0.6330436,-1.0743954,-0.92593783,2.7451377,-0.031146407,0.4148357,0.79208314,7.231466,1.1158669,-3.2925537,2.6063197
633,1.2733727,1.4956341,1.6650798,1.8470238,-2.044727,-0.2104469,-0.5460948,-1.0053387,1.4404608,2.3505845,2.2986846,2.1896122
634,3.3351257,-0.85130674,-0.98655707,2.0439682,-0.7254455,0.53286636,-0.14435238,-0.0058842897,2.7010856,-0.04117596,-1.3593712,0.21498775
635,1.5419853,-0.9472696,2.0626056,1.5195876,-1.7645445,-0.0866572,-0.45656383,-0.8299595,1.668993,-3.4159036,2.3124316,1.7561733
636,2.6318367,-1.1748749,-3.0129485,-0.2790109,-1.0398059,-0.18058562,-0.4841871,-0.2363509,3.0404205,-2.3648884,-3.0751567,-0.9780463
637,2.315087,-2.8392277,-2.537142,1.3592705,-1.3344878,-0.08580768,-0.73321956,-0.44044244,2.755861,-3.3915136,-2.580314,0.38196802
638,2.2486286,-1.9762026,1.8026066,1.4550836,-1.2864304,0.15607715,-0.22130984,-0.5060835,2.0103045,-2.6457427,1.3537402,0.5055983
639,3.0834122,-0.29403955,-1.9529715,-0.8816189,-0.69749045,-0.1444487,0.03017515,-0.04772234,3.44392,0.64729834,-1.7572167,-0.49412116
640,1.6948769,-1.7664837,1.6816466,1.976349,-1.6681085,0.07648051,-0.52642584,-0.75488913,2.2272084,-2.226851,2.2300544,2.3985152
641,0.3714804,1.4863223,1.7592306,-1.0229908,-2.450488,-1.1983211,-0.3978041,-1.1747612,0.5801358,2.7080507,0.4114176,-1.4911385
642,6.39281,-3.6400118,-3.0155919,1.4451134,0.97449875,1.2401987,0.63308656,1.4450668,7.3462048,-3.700042,-2.2266235,1.3119524
643,6.030553,-3.6489472,-0.14669162,7.1285944,0.45910048,2.3543925,0.11797488,1.1135434,5.2262793,-5.429819,-1.0964098,8.488186
644,1.1451645,-1.5904648,1.6652193,2.4709983,-2.1002889,-0.012803555,-0.83275515,-1.030534,0.95040977,-0.9556076,1.314301,2.545239
645,3.461789,-1.5651485,1.6068604,-0.13643937,-0.5369425,0.19015378,0.41841114,0.07349241,4.125667,-1.7084359,2.316139,-1.1216801
646,4.8169937,-0.1686336,2.0469098,-4.032482,0.5995536,-0.34328952,1.3364807,0.66711986,4.2203946,0.8011428,2.1664085,-2.7393446
647,4.366687,-2.4390244,-0.6088368,1.949648,-0.14158058,0.8390994,0.18236804,0.47937405,5.1645412,-6.9651165,0.52879065,1.6803645
648,4.77206,0.9705243,-0.49203914,-1.3205842,0.72520924,-0.25309289,0.38335133,0.24431574,5.5720434,-0.16484535,1.1339903,-0.69545126
649,1.1704004,2.1607568,0.93979794,0.6144796,-1.9463125,-0.7293955,-0.5394857,-1.1544695,0.47761446,1.3755814,1.2381599,-0.45181173
650,3.7389157,-1.127596,-1.4969428,2.3844566,-0.5347526,0.7201022,-0.115765095,0.18997216,3.2529912,-0.7701425,-1.299785,4.3073606
651,4.7160397,1.7787915,-4.419713,0.36241025,0.42083812,-0.17257053,-0.39529645,0.2544707,1.9817894,2.6205547,-4.710127,2.1382995
652,1.9716053,-1.4964517,-0.13318413,-1.4797875,-1.3101265,-0.4907774,-0.11846775,-0.43397456,2.3872552,-1.2850586,-0.23069261,-1.9477161
653,4.302002,-1.1627303,-1.8008103,0.2452075,-0.086951256,0.44544291,0.31601632,0.48785317,2.0048018,0.8429476,-4.318883,2.5834832
654,1.8318684,-0.5782843,0.775799,-3.544209,-1.420812,-0.8492549,0.30414182,-0.17576581,2.18327,-0.45336312,1.4667468,-2.7821198
655,2.297983,-1.1215587,1.5499923,0.82549113,-1.2299683,0.03333962,-0.098869145,-0.47975796,2.0573545,-1.5938771,1.4335281,1.3362949
656,1.3673289,-0.31240797,-3.2335017,-2.0594318,-1.699508,-0.8454616,-0.7528049,-0.47616315,1.5523362,0.53110814,-3.4648914,-1.696914
657,1.3302405,-1.3779277,-0.2739585,0.507847,-1.7286305,-0.37508595,-0.6055978,-0.9083638,1.6930869,-1.800858,-0.6724901,1.5714104
658,0.6949838,-1.4780055,1.2618852,-1.3036352,-2.1919584,-0.73442864,-0.39457396,-0.9311126,0.15697497,-2.5438986,1.1634117,-0.9866347
659,0.5378942,0.0894009,2.4868467,-1.2563027,-2.3281744,-0.9531796,-0.27607793,-1.0590765,0.2052728,1.0284513,3.7791953,-2.409518
660,1.9225109,-3.5542154,-0.23272794,-0.1404026,-1.4435993,-0.18737584,-0.48983106,-0.57817036,2.059733,-3.2263653,1.4705184,1.1177641
661,1.4968982,0.1727914,1.3974049,-0.86494327,-1.6114748,-0.5821473,-0.08788556,-0.74624854,1.2999706,1.2607455,1.9687687,-0.75070506
662,0.97448987,0.29574305,4.1427026,-0.5083995,-2.1062098,-0.72096145,-0.17144161,-1.0287033,0.96369743,0.4164906,5.663767,-1.0208471
663,0.80684954,1.1375501,-1.3760924,0.97013086,-2.1414137,-0.5769853,-0.8157184,-1.2343366,0.9045396,0.9982661,0.031232,0.37290728
664,0.8533525,0.5820022,0.6099172,-1.2247301,-2.0286188,-0.9936372,-0.3045472,-0.9267421,0.45882836,1.219482,0.38181764,-2.3924203
665,5.2381,1.0339665,-1.4716473,-2.521795,1.154427,-0.5662826,0.47688746,0.40367198,2.7130682,0.63225424,-2.1721108,-0.2104299
666,0.685566,1.8026034,-1.6179326,3.1019015,-2.4425495,-0.2219693,-1.0420864,-1.3372471,0.3630632,1.1750815,-2.5219393,2.7457614
667,1.9233072,1.3059516,0.7618367,-3.2325292,-1.3773835,-1.175472,0.37623376,-0.22540563,1.885816,1.9408798,0.008986652,-5.327112
668,0.81334466,-2.0334117,0.516215,2.1989353,-2.2194235,-0.15307406,-0.9937677,-1.1915659,0.9203217,-2.3889837,0.7954826,1.5691948
669,4.0706286,-1.9880589,-2.979506,-0.90432465,-0.17002487,0.1704511,0.087297976,0.45183527,3.1683307,-1.4422643,-2.0270607,-0.8429939
670,1.9010727,-0.6610767,2.705104,2.3211157,-1.6661844,0.18534577,-0.39443558,-0.6588735,2.4240155,-0.5822333,2.4696133,2.455649
671,1.3747096,-0.009999588,0.414998,-2.8190663,-1.7047297,-1.0051782,0.042375624,-0.46659052,1.2920938,0.37290812,-1.9969938,-1.0585328
672,1.2514546,-0.9668104,-0.1951763,2.9802427,-2.0103412,0.13478667,-0.9199157,-1.0011666,1.4088296,-1.1512581,0.62294227,3.7464943
673,2.5293992,1.3325851,0.71946234,-1.0068034,-1.0039334,-0.4868586,0.15373182,-0.42560083,2.6074765,1.1673039,2.2975783,-2.170928
674,5.815897,-2.619136,-1.5571744,6.333632,0.33277488,2.0256004,0.049180686,1.0251001,6.9645786,-4.061656,-2.8514888,6.3784904
675,0.72210974,0.5875548,-2.0884914,-0.3541323,-2.151689,-0.84878814,-0.8791331,-1.0233814,0.98168004,0.36307952,-1.8977079,0.06651279
676,2.9764464,1.0977248,-2.1827319,2.7648041,-1.017252,0.5576056,-0.36230147,-0.1699233,3.3404226,2.8989272,-3.2383957,3.4473517
677,0.24947745,1.4744226,0.8664319,0.11114569,-2.5791068,-1.0114214,-0.7233378,-1.4204013,0.30768573,1.1715083,1.563294,0.112628326
678,3.119967,0.4007579,-2.9264605,-2.370159,-0.6659136,-0.43585253,-0.027451873,0.15616977,3.5911157,1.49052,-2.9382148,-1.9634155
679,1.0975633,2.415452,-1.6736906,0.81527466,-2.0281556,-0.6580297,-0.7443771,-1.0921534,0.8039947,3.280574,-0.8141437,1.02609
680,3.1521046,1.7332783,-2.5917904,1.4547863,-0.7906141,0.17410725,-0.32516026,-0.16964424,3.0384192,1.4803998,-3.3142822,-0.67392635
681,0.77312034,-0.7407597,-1.7384212,-1.3555582,-2.056681,-0.8478746,-0.6915311,-0.8477087,0.5260721,-0.4328578,-2.356892,-1.1599221
682,4.006546,1.2332214,1.0206311,-0.0042785406,0.37568235,-0.3260242,-0.03346187,-0.26875293,5.119138,0.6615275,2.140388,0.13534023
683,2.264226,0.8846595,2.287057,1.9025108,-1.3239189,0.0780313,-0.27335668,-0.59472555,1.6213839,1.5887992,3.4556816,1.9609084
684,3.1552563,0.4345566,3.328854,-2.4905357,-0.47559953,-0.4889908,0.77511156,-0.105991185,2.488225,0.94275343,3.4873211,-1.221842
685,3.805258,-5.7703347,1.2528713,2.2074692,-0.5070176,0.86611855,-0.07104778,0.23899913,3.1344266,-4.697139,2.6255226,2.988928
686,1.653341,1.9200152,-0.75841385,2.3237472,-1.7288984,-0.046034813,-0.5885991,-0.86787975,1.2129518,1.5091045,-1.9115238,2.7606273
687,1.4312961,-2.8349373,-2.2055602,2.0014207,-1.8905909,-0.27820402,-1.0267639,-0.907964,1.2107412,-2.2835488,-2.2244232,2.563383
688,2.4196088,-2.5664988,-0.02393204,-3.2600923,-1.0676851,-0.50069916,0.24186051,0.058477163,3.002698,-1.9915423,-0.05831764,-1.5251485
689,3.1765049,-0.7254445,-0.3818416,4.3627267,-0.9607909,0.9658319,-0.4133207,-0.13427019,3.0392034,-1.5146778,-0.38259947,4.428488
690,0.75105876,2.1796691,-1.1754515,1.2351323,-2.2476492,-0.6697196,-0.8187702,-1.3368336,0.3901059,2.2130682,-1.9324658,1.4891796
691,-0.12410694,1.19352,0.031790555,-0.057873487,-2.7559843,-1.0536075,-0.88476133,-1.5522001,-0.41861933,1.2536268,0.56308216,-0.22109123
692,1.7158291,-0.2741912,3.133318,-1.5922555,-1.4908324,-0.5630297,0.23265058,-0.58170104,1.9446448,0.3334129,1.6896296,-1.4773852
693,3.068774,-0.5388026,-2.3747845,0.054732874,-0.7793193,0.046940267,-0.1675232,-0.05155456,3.7092187,-0.7313222,-2.9579463,0.6492681
694,4.125992,1.1728784,-2.8721786,0.11261864,-0.13339281,0.21915776,0.09674406,0.3035518,4.948363,2.9012046,-4.8012094,-1.1052585
695,2.5606253,0.9372185,1.0410395,0.40446568,-1.088081,-0.014481485,0.11375618,-0.37854087,3.0288277,-0.3849575,0.69375026,-0.3700971
696,3.5028832,1.560604,-3.632187,-2.29988,-0.4857905,-0.8158975,-0.065536976,0.2012273,1.3451428,1.1554072,-5.0014977,-1.9697472
697,0.3264684,-0.41917688,0.6042051,-2.8284135,-2.4379056,-1.0148587,-0.278245,-0.82684535,0.6600704,0.59089655,1.0547919,-2.7161472
698,1.7508745,0.7221868,1.1318314,0.67452234,-1.5616506,-0.22876045,-0.22032586,-0.7661687,1.3300925,0.6660825,1.7741082,-0.6414903
699,3.8897307,-0.13718481,1.1556573,3.6203742,-0.38406658,0.8762412,-0.06929052,0.038664937,4.763743,-0.5105505,0.63351244,4.616243
700,2.8759186,1.2947818,1.131947,-2.1533694,-0.5325599,-0.7955873,0.2485348,-0.32612664,1.9452298,1.6637855,1.1873957,-1.6941628
701,4.5761538,0.93699986,0.45862395,2.9784474,0.5923805,0.35322726,-0.444498,-0.12213349,4.5018706,0.15004694,-0.17164743,1.6779518
702,2.378484,0.86658674,0.6918066,0.75640845,-1.2038502,-0.0033441782,-0.03723371,-0.4657694,2.3396435,0.9633069,-1.1605244,0.88196886
703,1.5978107,-0.7503587,1.2618859,0.82795686,-1.625294,-0.2079497,-0.36005145,-0.8158235,2.335851,-2.4704015,-0.0254848,0.68356055
704,2.6427083,1.2696596,1.0685673,-0.68610954,-0.88557434,-0.4142781,0.13011217,-0.4510982,1.4172375,2.5230656,0.89942676,-0.5032314
705,1.9224324,1.4760423,-1.4333291,-1.2646532,-1.4252319,-0.70178807,-0.22188297,-0.46921712,2.678149,2.4936037,-0.82380146,-0.6079763
706,4.4489584,-1.2889962,0.14229125,2.3434854,-0.1356082,0.94686985,0.31923848,0.47827828,4.5823193,-1.0659409,-0.4164014,4.1958933
707,5.305222,-1.7772132,3.4363108,-0.84632,0.5622444,0.5731412,1.2957213,0.8456998,5.2496805,-2.7845123,2.873301,-1.8008341
708,2.0944393,0.9613488,-0.16272372,1.8730084,-1.4090413,0.1225484,-0.34768966,-0.61534524,2.8421488,1.8322487,0.22919026,1.02542
709,2.4764223,0.7517746,-0.7861641,4.020983,-1.3316478,0.68630135,-0.55556655,-0.45054257,2.25124,2.255355,-1.3072643,4.427745
710,4.3079996,-0.68274146,1.3921177,-2.671703,0.05995202,-0.077833086,1.0683675,0.50368655,2.4456816,-0.8868788,1.5808336,-3.8740797
711,3.3575213,0.5207062,-0.12661606,-1.3529487,-0.5450702,-0.15351981,0.46002793,0.04474008,3.7074442,-0.08309436,0.27178904,-2.290968
712,2.5328147,0.7859658,-0.21092683,-0.5797036,-1.0548806,-0.28303486,0.060719907,-0.3593155,3.7209182,0.66723293,-1.0102,-1.5099363
713,1.0623813,-2.4005036,0.36264247,-0.8311791,-1.9366144,-0.53673995,-0.5146139,-0.83297485,0.9414184,-0.40194416,0.28947005,-0.5922842
714,3.1825812,-1.0905491,4.5009885,0.49915552,-0.8058922,0.26118243,0.52624774,-0.07617921,4.0707555,-0.4380629,3.6484447,0.39590162
715,2.8072016,-0.9053069,1.9215927,3.9011345,-1.2052233,0.7729231,-0.32418185,-0.2798798,2.9138696,-2.7447226,2.3982744,3.0489597
716,0.28354585,0.42604733,-1.1827443,-1.5704052,-2.4024243,-1.0875366,-0.75831044,-1.0447671,0.47177345,0.08697769,-1.0768756,-1.5709208
717,4.690533,-0.31497657,0.8465877,2.1342065,0.24189639,0.7532728,0.3062905,0.3612907,4.6411743,-0.69407415,0.00033599138,1.7619804
718,1.8290582,1.0832665,1.1861084,-1.9873484,-1.448472,-0.8100805,0.1918099,-0.45105225,1.6319882,0.69041556,1.2360876,-2.2910585
719,3.3727067,-3.0134342,0.26921862,1.4977039,-0.6557319,0.4767506,-0.056789756,0.03757012,2.5062125,-2.6506116,-0.009609252,1.6601762
720,1.2997596,-1.293204,2.3470483,1.839103,-1.9728657,-0.09499821,-0.6129273,-0.94379866,1.157882,-3.087322,2.6614397,1.5574845
721,2.8137984,-0.41128325,2.298215,-4.226888,-0.76874757,-0.6299915,0.9290273,0.24658334,2.1902807,-0.24124335,1.261664,-3.152906
722,4.25245,-5.7613735,-2.2493925,1.2950234,-0.27511215,0.4712615,-0.16165107,0.4461671,3.4806485,-5.4996214,0.74091077,1.242338
723,4.2146635,1.4169781,-2.4978378,-0.3880769,0.1541996,-0.1137723,0.039952874,0.15329158,6.8365946,1.5650429,-2.5278559,-0.027434051
724,2.1559424,-0.53426856,-0.06781024,2.6420038,-1.3991002,0.32651663,-0.5059135,-0.5691031,2.2646527,-0.24181986,1.2220101,2.0139952
725,-0.612258,-2.8042889,0.02908498,0.63556916,-3.1218736,-0.74813235,-1.126934,-1.851029,-0.331054,-2.44815,-0.29598376,-0.39939886
726,4.7828474,1.6100826,-0.38026083,3.4559846,0.9891157,0.17535788,-0.8690938,-0.28109068,5.1265306,1.8463264,0.24732012,3.924873
727,2.1563182,2.5046618,-2.056714,2.00342,-1.2597896,-0.26812845,-0.7472383,-0.81885594,1.1964118,0.3075049,-1.9282212,1.9405422
728,4.303745,0.504806,-0.7063529,0.112345174,0.015721321,0.31780672,0.43374777,0.35209262,4.2077303,-2.2162087,0.8234572,0.8652069
729,3.8262322,-0.06535931,2.5077538,0.5941828,-0.2238388,0.28545237,0.46413326,0.037660718,3.4052198,-1.2855798,-0.2747059,-0.101834476
730,9.010028,-0.42473602,-5.0225434,-2.8468544,3.3684483,0.42208993,1.0910807,2.0994525,9.87848,-0.43789455,-2.3188334,0.7960782
731,4.4968195,-4.481511,-1.2444375,4.2750044,-0.2715521,1.1836281,-0.2483351,0.47956693,4.9407578,-1.6062491,-1.9992836,5.6341867
732,3.4062989,-2.9387703,-1.9607599,-3.5452201,-0.4679408,-0.34094623,0.29610854,0.44655693,3.829271,-2.209852,-0.4657433,-4.133898
733,1.9138691,-2.0592127,0.80314416,-0.1880623,-1.4015825,-0.2654543,-0.261731,-0.6147833,1.6228127,-3.263053,2.1916428,0.2196865
734,5.864621,-0.2268265,-0.8176847,4.2755485,1.1297059,1.1618332,-0.10548431,0.5646957,7.764781,1.7294866,-1.1950469,6.5335264
735,2.7788324,-2.9213488,3.2689614,-0.5444485,-0.9687102,0.040559113,0.3096031,-0.23898596,4.0638924,-3.611392,3.6762261,-0.46948215
736,4.118987,1.2363027,-1.4658036,-5.816546,0.7485976,-2.1402106,0.41774082,0.3797884,4.2806034,1.2097917,-1.3841213,-3.9702086
737,0.73582524,-1.8934938,4.5884566,1.1401669,-2.4631412,-0.3550842,-0.6273932,-1.1893754,0.5903362,-2.1142159,4.4688487,0.7905346
738,3.7219589,-1.1059177,-1.0337327,3.936009,-0.6403053,1.0363322,-0.26082304,0.14224565,3.868368,0.4362111,-1.0468646,4.798141
739,6.295336,-4.837016,-0.27303988,1.9694008,0.9314306,1.4403604,0.7628379,1.3808225,5.0250053,-6.473825,0.6306708,2.8344836
740,4.737873,0.3733881,1.3821065,2.031751,0.637882,0.35774374,-0.041380167,0.05183792,5.856798,1.4039195,2.234992,1.4817412
741,4.965089,-1.963893,-1.5273926,4.0387383,0.040721893,1.4163032,0.065547824,0.71881914,4.157933,-3.9054213,-0.13835096,4.3843575
742,0.39982218,0.42288524,-0.7951928,0.92188877,-2.37351,-0.6497722,-0.9074407,-1.447683,0.43098563,0.6711624,-1.2804835,0.9522048
743,2.2575428,0.4169683,-0.048828423,3.620634,-1.4408804,0.5353435,-0.5575025,-0.54665065,2.9726648,0.39950496,0.3967561,3.2250452
744,1.9953666,-0.22768159,1.1637926,-0.69311607,-1.3260899,-0.39565152,-0.0108709335,-0.5982986,1.1633285,-1.4522283,1.9879775,-0.55679494
745,3.6482584,0.5089325,1.0618696,-1.3367045,-0.34329796,-0.06367993,0.6556001,0.12540555,3.703037,0.6096569,2.948925,-2.0899425
