,latent_mean_0,latent_mean_1,latent_mean_2,latent_logvar_0,latent_logvar_1,latent_logvar_2,Gaussian_latent_var_feature_{i},Gaussian_latent_var_feature_{i},Gaussian_latent_var_feature_{i}
0,0.61624694,1.0198497,1.0196636,-1.0501266,-1.1852297,-1.89431,0.62649405,0.7744509,0.43542105
1,0.31105256,-0.55370027,1.2703519,-0.924594,-0.7528853,-1.7773726,0.35482234,0.24659419,1.5577685
2,0.5267888,0.74756193,0.74652207,-1.3039364,-1.2901785,-2.0534737,0.25428963,0.89388055,0.17781806
3,0.31463683,0.6111146,0.37734652,-1.8867213,-1.533226,-2.443008,-0.008349866,0.6279917,0.0069499016
4,-0.9599443,-2.2129045,-0.5128846,-2.866167,-4.0323143,-3.5269864,-0.92977357,-2.0934289,-0.66324574
5,1.0172281,0.8419635,0.347184,-1.5605459,-1.7806807,-2.4988487,0.50210804,1.0108299,0.039459974
6,1.5833224,0.23696549,-0.3384117,-1.0088925,-1.8178651,-2.9585996,1.390731,0.7965349,0.15377814
7,-1.8665123,1.8622789,-0.7631202,-1.9087197,-2.2339816,-3.2252305,-2.3261468,1.9562916,-0.44220778
8,-1.6197956,0.26068255,-0.38737482,-2.5875382,-2.4082892,-3.4245036,-1.3400751,0.81679296,-0.6366296
9,-1.1327981,1.3725286,-0.25846237,-0.24706185,-2.044443,-2.7161744,-1.043143,1.7570293,-0.36720723
10,0.7128727,0.5800422,1.0158473,-0.94871575,-1.162467,-1.8758006,-0.16459364,0.043138504,0.8558252
11,0.3097812,1.3986343,-1.3664865,-3.292183,-3.3953798,-4.228026,0.32821548,1.3359678,-1.3297987
12,-1.4342651,-1.4099194,-0.25034234,-2.253375,-2.7203224,-3.2261505,-0.9342686,-1.6135566,0.05146098
13,0.98749393,-0.40078738,0.116367616,-1.4454685,-1.6088138,-2.5749538,1.2298532,-0.6039282,0.031687617
14,-0.7534263,-0.24532406,0.8221392,-1.607173,-0.792819,-2.2057536,-0.45693186,1.0856963,0.80846393
15,-0.81732535,0.3045064,0.29360104,-2.608903,-1.4702911,-2.881857,-0.95730394,0.50187886,0.5514418
16,1.0307553,-1.0237637,0.11657712,-1.658435,-1.4366555,-2.5724144,1.0021151,-0.6030679,-0.035599202
17,1.9711871,-0.5868986,-0.002126092,-2.058904,-1.6686871,-2.8602812,1.8736521,-0.8312778,0.2369202
18,0.15253302,0.9542689,0.042418182,-2.0845184,-1.832598,-2.6898031,0.12909447,1.3397253,0.23900884
19,-1.3123662,-0.13881375,-0.038746774,-1.4351908,-1.4495134,-2.604358,-1.3511851,0.5256914,-0.07621331
20,0.81150115,1.4961928,0.8988825,-1.1665986,-1.3910663,-2.0173028,0.6718802,1.4959238,0.6676979
21,-2.1442273,-0.84052455,-0.07473701,-1.7509004,-1.8197749,-2.8969326,-2.2824414,-0.35495546,-0.17094427
22,0.8477617,0.23452376,0.45437396,-1.7819636,-1.5786386,-2.3870661,1.0931015,0.7678689,0.5705724
23,-0.03931933,0.43077436,2.251656,-0.13952756,-0.24415171,-1.2498235,2.4102294,1.7422911,1.8613579
24,-2.4809241,3.1444306,-0.8795507,-2.7541132,-2.2695456,-4.058237,-2.534221,3.7504256,-0.93307686
25,1.5908822,-0.49385005,-0.31353322,-1.5601379,-1.8890471,-3.0406873,1.3315651,-1.122477,-0.08607051
26,0.306337,0.25697634,-0.00024327822,-0.29727164,-1.6253979,-2.6438856,-0.59109455,-0.2861859,-0.22813466
27,1.82441,-0.2185695,-0.2654917,-1.6260222,-1.8788462,-3.0164273,2.5568776,-0.24312039,-0.16579318
28,-2.5579596,0.72398514,-0.34329322,-1.9703519,-2.3066704,-3.1348844,-2.5564902,1.378861,-0.011816114
29,0.7909185,-0.27306253,0.48200095,-0.7868839,-1.2622616,-2.1743267,-1.0136073,0.34299105,0.28795663
30,-0.926444,2.2196636,-0.5705683,-1.6830455,-1.9889424,-3.1898036,-1.0366856,2.7057252,-0.5876834
31,1.6868819,1.0622395,-1.7210324,-2.3191967,-3.184074,-3.418446,1.3702823,1.0019981,-1.4697117
32,0.21950418,0.5259007,1.4669769,-0.44429362,-0.8118566,-1.6567743,0.53258526,1.8216598,0.8190565
33,2.2745843,0.2376215,-0.056843214,-1.2717451,-1.6060631,-2.9316404,2.5078964,-0.14727698,-0.099245876
34,0.89192533,1.0641664,-0.12601484,-2.3487735,-2.1373973,-2.8766885,0.5949663,0.9895982,-0.06992717
35,1.079649,0.25727427,0.038143292,-1.4929595,-1.8289471,-2.707497,1.1072483,-0.044469208,-0.19007894
36,0.6381574,0.78786767,0.64679885,-0.99918336,-1.3930838,-2.044228,0.1313535,0.6080644,1.1388866
37,-0.47576776,0.06928302,0.5943855,-1.6921879,-1.0356469,-2.3952956,0.23145923,-0.31551957,0.6076225
38,-0.52883744,1.3375701,0.44678092,-1.93826,-1.2710259,-2.5147147,-0.54599696,1.1577874,0.50409704
39,0.8138458,1.1069859,0.60444444,0.0714972,-1.3322845,-2.099831,0.043314636,1.1735435,0.16048923
40,0.3611068,2.7896957,-1.5673152,-5.8240514,-5.2747936,-5.962093,0.35601756,2.630082,-1.5977697
41,-0.57258886,0.52120036,-0.7151001,-2.2376356,-2.129225,-3.1066678,-1.2093489,0.37844777,-0.47317123
42,-0.3169685,0.82480943,0.83742,0.41687995,-1.150485,-1.9131856,-0.5511836,1.2634453,0.98192763
43,-2.6648278,-1.4864444,-1.0236485,-2.3347592,-2.2695918,-3.745499,-2.4104118,-1.913211,-0.9125425
44,1.0241239,-1.4667445,-0.3196802,-1.646525,-1.7586193,-3.1544402,0.8223595,-1.0381566,-0.5259863
45,-2.2637935,2.2037165,-1.029911,-2.3411417,-2.4916403,-3.8677104,-2.5626788,2.1615305,-0.9299643
46,-0.97629744,0.2968602,-0.5472013,-2.8949108,-2.3324718,-3.3478744,-1.1276052,0.83030736,-0.676354
47,1.1708968,0.63167256,-0.47026014,-0.30138582,-1.8828948,-3.0990841,2.0107887,1.115185,-0.12204763
48,-2.2954082,2.790504,-1.1730213,-2.562108,-2.3337464,-3.9127967,-2.344355,3.1950438,-1.1492034
49,2.558414,-0.63139963,0.11032806,-1.1676706,-1.2307491,-2.766847,2.2891555,-0.27083203,0.48059464
50,-1.0627514,1.1258662,0.30391267,-0.5738292,-1.3898427,-2.1295109,-0.5156609,1.466647,0.7407733
51,0.58547515,1.2343849,0.14270288,-2.087792,-1.8473175,-2.6286747,0.7106369,1.2449328,0.46912238
52,-1.2010669,-0.77447474,0.37056696,-2.3274517,-1.6724625,-2.954134,-1.2193724,-1.5434661,0.4191478
53,-0.74303734,0.8001774,-0.0042671133,-2.2414784,-1.6420038,-2.7483885,-1.1278421,0.57745516,-0.011302732
54,-0.6832239,0.6374608,0.12308,-2.6222796,-1.7182593,-2.9164913,-1.3979497,1.0280027,0.31683737
55,0.11828027,-0.65968794,-0.624801,-1.1530719,-1.8590117,-3.1599207,0.48301533,-0.5267332,-0.40300196
56,-2.3821895,1.614041,-0.11913842,-2.287508,-1.7299321,-3.2853754,-2.1920073,1.3237845,-0.15740263
57,0.8228531,1.4364856,-0.029124917,-1.9582324,-1.8734198,-2.791103,1.9147544,0.82456076,0.100315005
58,-1.2596254,0.36058757,1.3569419,-0.9831244,-0.7774185,-1.8123097,-1.881516,0.6849127,1.2070142
59,2.1983974,-0.41058388,-0.013261626,-1.9808749,-1.57264,-2.87145,2.6263542,-0.4887775,0.1471085
60,0.45101494,-0.99014497,1.2089403,-1.085856,-0.7264776,-1.8352304,0.84630775,-0.3321883,1.7993369
61,-2.4649973,0.62540925,0.16771567,-2.0847335,-1.612798,-3.0036895,-1.942447,0.8154621,0.07318068
62,0.942702,0.3850086,-0.45380357,-2.1902022,-2.3459435,-3.1863713,0.6161944,0.45888662,-0.54052186
63,1.5377718,-0.77679324,0.24341542,0.28583002,-1.3419051,-2.5908368,0.79478085,-1.1055125,0.068941176
64,0.20681551,-1.7608839,-0.08998884,-2.156065,-1.4869089,-2.90242,0.6904396,-1.3169229,0.2628894
65,1.4210278,0.5634511,0.45751727,-1.051962,-1.5136194,-2.3006275,0.8209446,0.714478,0.06910652
66,1.609544,0.05823638,-0.30301216,-1.7563239,-2.0197,-3.0603235,1.0380979,-0.30513477,-0.12692171
67,-1.9332024,1.6089944,0.3145599,-1.0235486,-1.5087063,-2.2260242,-2.6268656,1.8079481,-0.42589214
68,-2.415589,0.16023989,-0.04769075,-1.2972424,-1.8711426,-2.6336532,-1.7009466,0.4402458,-0.08829519
69,1.3989681,-0.96216834,0.18484136,-1.6918733,-1.3873446,-2.538564,1.2285975,-0.2354784,0.36781305
70,1.9709246,-0.15607457,-0.71973985,-1.5713987,-2.1745956,-3.3536901,2.7198458,-0.5864219,-0.79202265
71,-1.5206743,-0.44033188,0.30528897,-1.4192653,-1.297432,-2.363346,-1.0535417,-0.53435796,1.0216107
72,-0.897272,-0.10685788,0.23804404,-2.5531278,-1.4604788,-2.878076,-0.8069924,0.36185384,0.15070778
73,2.3754869,-1.4393388,-0.13643658,-1.676384,-1.2941449,-2.9758756,2.2072043,-1.5560157,0.4326266
74,-1.5220044,1.7099011,1.0454309,-1.1234102,-0.82079023,-1.8460748,-0.9258976,1.4297845,1.1210111
75,1.7273289,-0.25780112,0.5878325,-0.043383002,-1.2941709,-2.221055,1.2777331,0.6287016,1.0034367
76,0.7828929,1.6847262,0.44637978,-1.271663,-1.539376,-2.355794,1.0644145,2.0095143,0.2229781
77,-0.6089881,1.2027855,-0.28076887,-2.191089,-1.9322765,-2.824222,-0.5463884,0.68707454,-0.578488
78,0.9170174,1.4183319,-0.1933738,-2.2645164,-2.0976026,-2.9851925,1.2036748,1.2321086,-0.5991926
79,-1.9444346,-0.7994851,-0.74031544,-2.2439928,-2.463656,-3.6137974,-1.9236118,0.025104165,-0.5419432
80,-0.95201725,-0.6844132,0.73650974,-1.6424707,-1.1435108,-2.2602608,-1.0922422,-0.21226984,0.94489795
81,0.98147315,-1.7410365,-0.9396184,-0.82791924,-2.532877,-3.875537,0.7603315,-1.697714,-1.1434495
82,0.5552191,-0.2562533,0.6950283,-1.3081282,-1.1795545,-2.0614545,-0.036309242,-0.73276776,0.27967915
83,-1.7838207,-2.4750526,-0.41343084,-1.8229945,-2.1949427,-2.7163305,-2.2111387,-2.3602047,0.057925433
84,-0.6500502,-0.34528634,0.47243986,-0.20581129,-1.3548887,-2.0655255,-3.4710155,-0.046717912,0.51092374
85,0.93294424,0.88276845,-0.53434604,-1.9643747,-2.31615,-3.1635828,0.9277627,0.73455304,-0.7832159
86,0.33447507,0.4072229,-0.18082073,-2.1441665,-1.9162014,-2.819953,0.10599907,0.7687167,-0.6054156
87,-1.8470676,1.5634784,1.1172167,-1.1930066,-0.8595317,-1.9070315,-1.9542005,2.284727,1.330517
88,1.0253251,1.8635393,0.3826188,-1.5724467,-1.6807315,-2.581676,1.6068288,2.219135,0.79977214
89,0.64271945,1.2196007,0.9621341,-1.2757553,-1.2762959,-2.0016673,0.22638032,0.8284976,0.84089607
90,-1.1280634,1.9621867,0.20761599,-1.4622186,-1.2370657,-2.3040688,-0.7335087,2.0580294,0.2627995
91,-0.52303493,1.1964236,0.8328508,-1.0384932,-1.0577693,-1.8983812,-0.6284532,0.8332765,0.9330931
92,-1.8609715,-0.7855264,-0.3074181,-1.8723106,-1.8505967,-3.1676629,-1.4570638,-1.4561701,-0.31180108
93,0.8484793,-0.06243236,-0.12782232,-0.51786685,-1.5895579,-2.7235239,2.0836,0.08330852,-0.13852553
94,0.79501265,-1.792097,-0.5295293,-1.3247094,-2.507877,-3.691888,0.44365382,-1.4658158,-0.21232307
95,-3.3124013,2.2965312,-1.5684081,-3.4367003,-2.9345095,-5.357364,-3.2021139,2.1633952,-1.6028597
96,-2.0131767,0.8633641,-0.99018776,-2.2373557,-2.6992445,-3.4742453,-2.3573594,0.7408472,-1.2074403
97,-1.1595722,0.6641384,0.6128998,-1.0389109,-1.1715028,-2.025676,-1.487486,-0.14513665,0.5307714
98,-0.72438115,-1.0883598,0.39667758,-1.9335095,-1.0779991,-2.4664073,-1.0425639,-1.1333648,0.4526519
99,3.887008,-1.8556634,-0.6003645,-2.1348734,-2.1552403,-4.082261,4.1281524,-2.2685559,-0.87565994
100,-1.2498194,-0.6915169,0.3072589,-1.4908983,-1.4532871,-2.3738916,-0.6544468,0.3492763,0.4190305
101,-2.3127625,0.9971148,0.08403689,-2.2469325,-1.6390975,-3.1942098,-2.01755,0.8183628,-0.09589943
102,0.92242736,-0.2938552,0.647439,-0.6020498,-1.2057672,-2.0188866,1.317484,-1.6801505,0.6808835
103,0.92590183,1.43989,-0.17303321,-2.1995707,-2.0605447,-2.958884,1.4895095,1.2164102,-0.24123815
104,0.1293867,1.8603445,-0.1511194,-2.7815833,-2.2146404,-3.1041913,0.20330104,1.4555779,0.19067536
105,0.6001393,1.7332097,-0.03590955,-1.9203378,-1.8088443,-2.8659449,1.0127299,1.8990247,0.017730363
106,-2.1865864,0.64235413,0.3090387,-2.3344636,-1.5445533,-3.0730598,-2.4533453,0.76631606,0.4075704
107,-0.13408375,-0.7146491,0.38801286,-1.5982708,-0.9556673,-2.516107,0.58837515,-0.0734452,0.7082262
108,-2.4782052,1.8221717,0.13517386,-2.2644234,-1.458694,-3.1020715,-2.011835,2.0573196,0.20093057
109,-2.4350889,0.67408144,0.11021918,-1.3610692,-1.9603422,-2.467891,-2.5381482,0.36769545,-0.16342667
110,-1.6488512,0.9773172,1.654565,-1.0384212,-0.6877331,-1.7319813,-1.5154505,1.6900685,1.6636533
111,2.8320804,-1.4110365,-0.24636829,-1.5515736,-1.3646228,-3.008026,2.7155516,-1.5624808,-0.43611014
112,0.80958575,0.061038394,1.2264761,-0.36323917,-0.9765159,-1.8143711,2.1426957,0.53756094,1.7313392
113,-2.0383158,-0.24212556,0.3638787,-1.3276656,-1.2790201,-2.3154957,-1.9591457,-0.8559757,0.354146
114,-0.15444762,-0.09952955,0.55004376,1.0328065,-1.2897036,-2.092961,0.76551026,0.54668456,0.7431546
115,1.0778558,1.3719059,0.22810212,-1.6176556,-1.7803173,-2.5952303,0.10150957,1.1088165,0.35314977
116,-2.2216115,2.4492779,-0.25454348,-2.2543416,-1.7800751,-3.371063,-2.2953815,1.8584185,-0.46199054
117,-0.10968124,1.2791694,0.3940484,-1.5863291,-1.4624543,-2.403935,-0.4273225,1.5064025,0.23183006
118,1.0124974,-1.8900322,-0.55532056,-1.3430426,-2.179553,-3.6876917,0.53175306,-1.6706932,-0.8493649
119,0.94731873,-0.24648748,-0.8221747,-1.397464,-2.059064,-3.3317368,0.8809878,-0.47900492,-0.45852453
120,2.1004233,-1.3706485,0.2593859,-1.9908767,-1.0081632,-2.7091308,2.1129227,-0.93630123,0.42005676
121,0.009826966,1.7247643,-0.7495994,-2.9371796,-2.526268,-3.4105494,-0.17937139,2.106295,-0.7499702
122,-0.4740759,-1.4721113,-0.5262573,-1.9506994,-1.9089036,-3.2898073,-1.2582972,-0.9097208,-0.57607424
123,0.59054404,-1.9113871,-0.1855708,-1.832724,-1.7861774,-3.1833804,0.59992534,-1.9979116,-0.09154336
124,-0.6580482,-0.48255923,0.28848732,0.14550212,-1.4934874,-2.3530176,-0.15997532,-0.35449892,0.3707354
125,-0.87393105,1.2004595,1.2318356,-0.38826144,-0.7861169,-1.6806744,-1.7786562,2.3171847,0.89183295
126,0.8882615,0.8671625,-0.5549584,-2.2568064,-2.4730244,-3.2658868,1.2562537,1.0199244,-0.4558631
127,0.27904415,-2.802008,-0.8586556,-2.8045697,-4.0232024,-4.0775933,0.3498411,-2.5690763,-0.98360497
128,-0.9739098,0.87684864,0.5161597,-0.45848453,-1.294559,-2.0346255,-2.5761473,1.0331072,-0.1272915
129,1.9263783,-0.53798825,-0.5708678,-1.1951375,-1.8802562,-3.2321904,2.6894608,-0.62873465,-0.45230234
130,0.61744934,-0.1875299,-0.61469007,-1.5212014,-1.9865608,-3.1467865,0.6415115,0.24852599,-0.60940325
131,0.4822778,1.0582769,0.044692315,-1.0504335,-1.6941013,-2.5894744,0.14639863,0.8340664,0.4073563
132,0.87008137,2.314549,0.12967771,-1.6550509,-1.7581754,-2.864217,0.39271384,2.1015635,0.114540346
133,-1.3584703,-0.17528258,1.1353405,-0.8793859,-1.0147552,-1.8554022,-1.9583108,0.64691544,0.27656776
134,1.5541476,-1.2736906,-1.3155731,-0.92032397,-2.4319277,-3.8845475,2.2046614,-1.4314369,-1.1609945
135,-0.5004676,-1.1473652,1.2871418,-0.9891853,-0.79730994,-1.801558,-0.7988505,-1.9525341,1.5358655
136,-0.43226498,0.15559544,1.0709293,-1.3344027,-0.636132,-1.9503584,0.20839667,0.4807387,0.4916286
137,-1.0162424,-0.23480518,0.4734872,-1.0179952,-1.1889307,-2.1626685,-1.2146221,-0.96375906,0.8418888
138,0.98644656,1.3097143,0.613789,-1.062932,-1.4863417,-2.1891644,1.0133839,1.5842379,0.93091166
139,-2.3227437,-0.4204804,-0.975992,-2.4572558,-2.6192517,-3.9853797,-2.4963064,-0.455432,-1.1111851
140,0.6504672,-1.528915,-0.08362755,-1.1325614,-1.9777656,-3.0389376,0.3128978,-1.4214741,-0.19030999
141,0.9115917,1.840598,-0.58690816,-2.1411119,-2.0508082,-3.441705,1.5193969,2.3367054,-0.723842
142,-0.5288309,-2.372056,-0.5524405,-3.2292094,-4.077465,-3.7345665,-0.6425691,-2.3236337,-0.71283233
143,-0.81110495,-0.028319519,-0.12714247,-1.29616,-1.6461337,-2.7239497,-0.99102116,0.4812856,-0.391204
144,-0.84495854,-0.8482649,0.5357662,-2.0123463,-1.0938847,-2.4770706,-0.885547,-1.2699429,0.6798678
145,0.052789934,1.5541553,-0.47184455,0.08201027,-2.1817508,-3.1453903,3.4610548,1.0819889,-0.42564285
146,-1.557573,-0.22004779,0.65836906,-1.3153646,-1.0607336,-2.158065,-0.9146411,-0.72709143,1.1791735
147,-2.4246323,2.1171386,-0.5166751,-2.7457495,-1.9912248,-3.7621477,-1.9536115,1.8647364,-0.25430813
148,-2.105804,-0.1860932,-0.9420655,-2.3253164,-2.5579062,-3.7715223,-2.216119,-0.079881504,-1.1511506
149,-1.3133738,1.4784743,-0.013633134,-1.5035573,-1.5048277,-2.5281098,-0.9283798,1.8415664,0.22986421
150,1.0405067,0.56319183,1.0998459,-1.0545862,-1.1744757,-1.9483614,1.3582704,0.59130454,1.3883821
151,-2.515234,2.3652272,-1.2023562,-2.7314167,-2.4429052,-4.2034345,-2.5474875,1.6964462,-1.1248498
152,1.4414686,1.203662,-0.5077536,-1.1639273,-2.0648665,-3.05157,1.6208149,1.2567694,-0.21803883
153,0.94819564,-0.4273683,-0.03279902,-1.6074829,-1.7631338,-2.7355525,0.9728448,0.24771336,-0.26234555
154,1.113115,-1.8573517,-0.09576255,-1.590351,-1.6554534,-3.0107615,1.6871703,-1.4741806,0.1256661
155,1.6071879,-0.96976584,-0.19411233,-1.5891469,-1.6434155,-2.90231,2.4334893,-0.49796495,0.03740193
156,-0.020149373,-0.7317533,-0.1464512,-1.2592695,-1.5777259,-2.8170748,0.81629866,-0.527549,-0.28545183
157,0.8494435,-0.8474441,1.150952,-1.1453143,-0.7951864,-1.9577127,1.1898888,0.116491795,1.495608
158,0.12742412,1.4549559,0.6182061,-1.6514163,-1.3884087,-2.1613328,0.8567351,2.0972383,1.3050196
159,-1.2065878,-0.3087348,0.11096218,-1.5880966,-1.300777,-2.5024729,-1.5830262,0.3176554,0.15806636
160,-0.66496307,-0.60188335,-0.20822889,-2.5846133,-1.6382084,-2.9088786,-0.58720875,-0.50919807,-0.3507771
161,1.6287576,-1.3021364,-0.29445088,-1.6727322,-1.6767623,-3.1275673,2.8804483,-1.595919,-0.1611574
162,-0.9440133,0.080179825,-0.008991154,-2.8765397,-1.9878919,-3.14756,-1.1331536,-0.44554073,0.053014547
163,-1.3693281,-0.17058758,-0.4138933,-1.6893523,-1.7523386,-2.9464564,-1.6437593,-0.5283099,-0.641695
164,0.66012114,0.8310015,-0.5488759,-2.4445238,-2.2723777,-3.1804824,1.0742359,0.46290392,-0.7201299
165,-0.015838884,-1.7380613,-0.50483954,-1.5668194,-2.111706,-3.3585465,0.30583838,-1.7424556,-0.55705905
166,-0.09945654,0.5357816,0.33917993,-1.6221309,-1.4794142,-2.4920566,-0.43021557,0.46447054,0.53324705
167,2.056766,1.3590037,-0.8885788,-1.5118037,-2.7160785,-3.3660972,2.3785973,1.1877548,-0.92847186
168,1.1126277,-0.12967287,-0.23310715,-1.7570981,-2.0009308,-3.0155592,1.5229485,-0.042581797,-0.22155946
169,0.3098895,-0.50592536,0.64372253,-0.38332266,-1.2968564,-2.006213,1.3622603,0.22639346,0.27649295
170,-1.3787041,-2.6892834,-1.0510887,-2.6252117,-3.588344,-3.43869,-1.3998768,-3.0458179,-1.3505983
171,-1.5810978,1.1558456,0.86946535,-1.374888,-0.9731121,-2.1930187,-0.88399714,0.58366495,0.2891099
172,0.14037943,1.5603057,0.51697576,-1.6861607,-1.4556532,-2.3235426,0.6050075,1.9353285,0.23537341
173,0.2837723,1.309806,0.7572342,-1.5933717,-1.2796135,-2.0858517,-0.12023947,1.0437113,1.0630895
174,-0.48924613,-0.95179534,-0.13295949,-0.94902027,-1.822824,-2.8112414,0.42978126,-1.1054769,-0.13918558
175,1.5621411,1.428007,-1.5859213,-2.3943434,-3.0257778,-3.3016818,1.7357965,1.1765559,-1.6214603
176,0.25116196,0.18940999,-0.5411608,-1.721747,-2.0079956,-3.0323505,0.18183076,0.3748278,-0.69200927
177,-0.69007224,-0.33351985,0.7442188,-1.6527348,-0.8314724,-2.2709677,-0.13649017,-0.81832165,1.2343364
178,0.1497252,1.4950641,0.20010772,-1.9118627,-1.7239299,-2.6396286,-0.15820089,1.7866808,0.3540264
179,0.54904836,0.021064956,-0.24891496,-1.1935573,-1.7839305,-2.8159125,0.64740086,-0.020076655,0.11850926
180,1.6375852,2.7760053,-1.6813965,-3.5914302,-3.7684317,-4.0770707,1.4625486,2.9365325,-1.725038
181,-2.622681,0.37642148,0.075396836,-2.0285943,-1.7046313,-2.9294093,-2.9659982,0.24431005,0.049096104
182,-0.98083776,0.66100395,-0.13740781,-2.7984152,-2.0004513,-3.1135657,-1.1448754,1.0011233,-0.19498152
183,-0.98758835,-0.14199485,-0.5245652,-2.1459136,-2.0112867,-3.044171,-1.1573284,-0.25259236,-0.93584526
184,-0.8986967,1.212065,0.45884648,-1.4915584,-1.1771051,-2.2924168,-1.0229568,0.15561152,0.46129027
185,0.36264002,0.066009,1.2237928,-0.79813874,-0.919823,-1.7854171,0.2280786,0.9355714,0.799747
186,-2.3929105,2.1264021,-0.7320737,-2.155993,-2.3774757,-3.5744812,-2.4483826,2.1397238,-1.035633
187,-1.2913103,-2.2306066,0.6265807,-1.7434781,-2.514203,-2.6733825,-1.7709311,-1.6142673,0.2775502
188,0.7898502,1.680862,-0.11931586,-0.891172,-1.6159816,-2.7641695,1.0731714,1.9060009,-0.2862141
189,0.6973423,1.0524851,-1.284381,-1.9313185,-2.918891,-3.6822062,0.18926454,0.72831756,-1.1821344
190,-2.3210332,-0.7954799,-0.4978636,-1.3514185,-1.9769545,-3.4045417,-2.6963856,-0.23859483,-0.5005149
191,0.7018424,-1.3013376,0.17108227,-1.8061867,-1.2280009,-2.5354898,0.8907781,-1.477973,0.41601372
192,-2.6179447,2.769224,-0.61072266,-2.5109897,-2.0488467,-3.6735625,-2.4253106,2.2463782,-0.7340281
193,-0.80638176,-0.6630605,-0.010552945,1.236486,-1.6794713,-2.9380026,-0.5288347,-0.32082415,-0.27572545
194,-1.0362267,1.6778775,0.22585307,-1.6485605,-1.355468,-2.4495933,-0.6923012,2.0293005,0.41011238
195,-0.69146353,-1.0426619,0.5714446,-1.4594146,-1.0901287,-2.2451344,-1.0994138,-0.6918298,0.58779114
196,2.185804,0.81667393,-0.31060153,-1.1343772,-2.029759,-2.9871094,2.189185,0.14591151,-0.27752933
197,0.45996267,-0.57901347,0.86519754,-1.199872,-0.9818994,-1.9491463,1.7616303,-1.3545316,0.79946613
198,0.30561358,-0.10183929,1.0886325,-0.7214556,-1.0038292,-1.8310243,-0.8958054,0.31058377,1.9650512
199,-2.594945,-0.3549824,-0.22299999,-1.7420893,-1.9541957,-3.0327978,-2.6913133,-0.49574327,0.29583472
200,-1.542765,0.4416189,0.8784635,-0.3515281,-1.0944744,-1.9257431,-0.51441765,0.8278426,0.9367908
201,-0.2634123,-0.038597148,0.30217776,-1.7651256,-1.326863,-2.561301,-0.3026301,-0.42997864,0.105362505
202,-0.29072213,0.5712426,0.60426944,-1.4763137,-1.1462746,-2.220068,-0.7272574,0.36548746,0.68795455
203,2.1408222,-1.4329706,-0.028312864,-1.6381344,-1.2703841,-2.9049876,1.7768661,-1.3325211,-0.6273593
204,-1.4078711,-0.7291677,-0.016043754,-1.4252325,-1.7064097,-2.7976332,-1.3211585,-0.715784,0.12693262
205,-1.0711836,0.55450696,1.2708052,-1.1557529,-0.70010895,-1.8873565,-1.6241399,0.12112504,1.5818431
206,0.6405533,0.114877,0.96853185,-1.3308071,-1.1227684,-1.9694636,1.1522837,-0.61252105,1.033575
207,2.045961,-1.5584235,-0.51175076,-1.1708423,-1.9707906,-3.3455913,2.4961677,-1.0624201,-0.36481094
208,-2.0912962,1.8944731,-0.21463978,-2.0474215,-1.8673644,-3.2474496,-2.4733171,1.6447217,-0.1769236
209,-2.059063,0.20489652,0.60870725,-1.8416551,-1.1815617,-2.5349274,-2.119628,0.6505483,0.9750235
210,-0.84164953,-0.28651595,-0.60902876,-2.1124158,-2.0892782,-3.1680658,-0.8982011,-0.37419227,-0.38859087
211,-1.2007504,-0.1676078,1.1224597,-1.0172985,-0.8822429,-1.8995724,-0.91024137,0.020113751,1.7316928
212,1.3919731,0.072712794,0.5186148,-1.2489197,-1.4893751,-2.3101966,1.151382,0.13054441,0.67109185
213,-0.96492416,-0.2478634,0.65266675,-2.031129,-0.9461676,-2.5597575,-0.9347669,-0.81834394,0.2560764
214,-0.5071495,-0.4562063,0.26942524,-2.6602159,-1.3878474,-2.8556716,-0.51275146,-0.44694096,-0.120634645
215,-0.95976436,-0.36575666,0.13845253,-2.4532986,-1.5249231,-2.88703,-0.82908213,-0.5962295,0.15287736
216,-0.6062043,-0.17576371,0.39853224,-2.3950915,-1.0559999,-2.7469692,-0.798852,-0.5669885,0.42922276
217,-1.2995569,1.238488,1.2806298,-1.0350697,-0.702996,-1.7715826,-1.1227694,1.8472786,1.5613445
218,0.050340988,-0.8942627,-0.121277735,-1.0753596,-1.6893759,-2.825497,-0.45324174,-0.60644525,-0.35336095
219,-1.1624106,0.032806892,1.007457,-0.036537528,-1.0515649,-1.8898624,-0.19827461,-0.16224192,1.1204557
220,1.755019,-0.25033545,0.28216103,-0.9365236,-1.3983471,-2.462908,1.4252384,-0.60187316,0.7126566
221,0.7285427,1.0419185,0.5583177,-0.47962475,-1.4400623,-2.089444,1.2638633,0.9373779,0.3408592
222,-0.80447024,-0.057622712,0.2295126,-2.2049527,-1.3877764,-2.6720579,-0.4150183,-0.058970217,-0.23421437
223,-1.0125932,-0.947179,-0.061319858,-2.1630726,-1.7694092,-2.877666,-1.1171756,-1.0539988,-0.24909286
224,-0.9664939,0.26592782,0.58627707,-1.6469396,-1.0334439,-2.3211305,-0.6726546,0.32733023,0.8623883
225,0.44997513,-0.06717406,1.6122252,-0.2270019,-0.68778497,-1.6329403,0.34467176,-0.066739686,1.4670908
226,-2.1047137,-0.17063828,0.08264953,-1.425632,-1.5005493,-2.5067167,-2.1254287,-0.6633236,0.96923226
227,-0.3867545,2.0080044,0.017043663,-0.40602386,-1.5778425,-2.6715326,1.379703,1.8464572,0.19400759
228,-0.6464897,-1.4658991,-0.007699432,-1.4638748,-2.1928167,-2.7907023,-0.32449272,-1.9081333,-0.035866406
229,1.8081133,-0.79635024,-0.20890129,-1.8089048,-1.6724358,-3.0017657,1.4172677,-1.1494617,-0.18698715
230,-0.23416159,-0.08511026,-0.72476816,-3.7947764,-3.9063435,-4.2436256,-0.39148718,-0.19010772,-0.6237695
231,-0.23897618,-0.04911826,0.82208556,0.60324526,-1.1934814,-1.8938382,0.56467724,-0.34864017,1.1323371
232,-0.4834568,-0.16436635,1.3343141,-0.47148317,-0.80924267,-1.7202251,-1.2017378,-0.2475985,1.2667758
233,-0.9472463,-2.015912,0.61379945,-1.8299962,-1.5400984,-2.49951,-0.9769241,-2.2767446,0.50301844
234,-0.08185225,1.3688433,1.3087378,-0.4083566,-0.8188966,-1.6414275,-0.06230609,0.3146007,0.83326495
235,-2.2742646,-0.41650274,0.21617135,-0.29611862,-1.5464978,-2.3780422,-1.1458361,-0.073578686,-0.015654802
236,-0.5189043,-1.1667702,-0.72364146,-1.3312634,-2.14009,-3.3403256,0.10013747,-1.0588183,-0.72540873
237,0.95169014,1.7527679,0.38859946,-1.6477789,-1.6897256,-2.5620282,1.3651328,1.9101942,0.18991908
238,0.10992337,-0.7196628,1.1097875,-0.76791257,-0.80989665,-1.8715703,1.0934043,-1.8193454,0.3158542
239,0.08444289,0.43322578,-0.5964473,-2.2067485,-2.1345475,-3.1607454,-0.47342727,0.7687172,-0.62793064
240,0.8853522,0.6724484,-0.49673527,-1.6587589,-2.224842,-3.0649326,1.7571702,0.8625974,-0.45741898
241,-2.0971684,1.3605866,0.04606074,-1.319342,-1.8461564,-2.562281,-1.9832927,0.86795807,0.3470813
242,2.3411548,1.2793242,-0.5055478,-1.6706669,-2.2954676,-3.2172828,3.5037882,1.5929487,-0.5007083
243,-0.823654,0.34144077,-0.16905515,-1.7934915,-1.6691191,-2.708349,-1.4487245,0.15870647,-0.06480996
244,0.58870596,-1.2805197,0.9709846,-1.4110352,-0.97701085,-1.9589872,1.4690535,-1.1875086,0.70554125
245,-1.3691392,-2.5639625,0.52140963,-1.667911,-3.8533664,-3.017111,-1.7093122,-2.5059783,0.18260476
246,-0.54596686,1.1005772,-0.0074259955,-2.4276247,-1.6758485,-2.83244,-0.2281099,0.8715142,-0.07850106
247,-0.08272814,-0.39735016,1.1052749,-1.1719444,-0.46478105,-1.8311756,-0.16466022,-0.15075499,0.57330525
248,-1.3920196,1.0050342,-0.23563781,-0.47128952,-2.6085176,-2.8313344,-2.626579,1.1202366,-0.23195767
249,-0.4369759,-0.6128973,0.5814886,-1.4988196,-0.88145787,-2.3213003,-0.58175397,-0.9456162,0.4061761
250,-0.75409883,-0.056432944,-1.070525,-1.3485838,-2.1296167,-3.1782548,-0.6367834,-0.2871844,-0.9774187
251,-0.3638693,0.1885161,1.3162507,-0.46420646,-0.84613925,-1.686841,0.07424727,0.22439405,0.15661407
252,-2.2453897,-0.16520707,-0.6414675,-2.500136,-2.797997,-3.708717,-2.3539994,-0.115073845,-0.59992075
253,-2.2324936,-0.10710882,0.040401638,-1.9627541,-1.6512899,-3.0116785,-2.1057134,-0.013372131,-0.24630716
254,-2.4718874,0.96672595,0.63568515,-1.8531276,-1.1568046,-2.5600195,-2.4114275,0.981434,0.35054994
255,-0.04220306,0.9501847,0.1352105,-2.3939319,-1.7740462,-2.8301852,-0.16483045,0.8843607,0.10192854
256,-2.1962447,0.52967346,-0.18784466,-1.7978077,-1.9567442,-2.9550285,-2.5307946,0.16106227,-0.19657013
257,-0.79811275,-1.2117944,0.4714638,-2.009256,-1.2988782,-2.5048354,-0.8379037,-1.8816367,0.72586286
258,-1.5718623,-2.2550006,-0.03177896,-2.1545362,-3.2294488,-2.8771415,-0.9999313,-2.328367,-0.3161968
259,1.5727068,0.043869156,0.3990029,-0.79016036,-1.3968885,-2.3387597,2.1463816,-0.15148292,0.50736004
260,-0.4125027,0.20487584,0.511177,-1.6918147,-1.1491818,-2.457223,-0.18059944,-0.4424472,0.50465167
261,1.4333241,-0.04586683,0.13264792,-1.4193974,-1.7248442,-2.646896,2.0198007,0.15369023,-0.7549981
262,0.6719029,-0.3229709,1.4157987,0.44852275,-0.95864666,-1.8093872,0.091192305,0.1246649,1.6396694
263,0.8923356,0.19552554,0.7659316,-1.196776,-1.2723961,-2.0363998,0.9701978,0.044981986,0.9188077
264,-0.16258514,0.47199753,0.2861197,-1.4980205,-1.4803655,-2.5130734,0.16450807,0.60970193,-0.1552555
265,1.1757712,-0.3125301,1.2677714,-0.9283188,-0.9589405,-1.9918549,0.7859739,-0.29177904,1.748869
266,2.8281786,-0.99063843,-0.6646927,-2.395248,-2.5858376,-4.0091715,2.6769054,-1.0737911,-0.75228846
267,-2.081928,-0.04586933,-0.2712766,-1.9353783,-1.9484322,-3.1811273,-1.5897555,0.17176358,-0.864054
268,1.1284938,0.64591444,-0.70406324,-2.4521399,-2.572758,-3.3311656,1.3100675,0.714838,-0.82193345
269,-0.37440228,-1.4491273,-0.3010107,-1.4975092,-1.9631107,-3.0394285,-0.5022801,-1.282199,-0.44708616
270,0.33121264,1.1763651,0.944545,-1.4712955,-1.112957,-1.9884934,0.104966804,1.5240452,0.50428516
271,1.0914845,0.6128372,0.43945438,-1.5850513,-1.7106607,-2.447167,0.9369628,0.3619344,-0.32883883
272,-1.113624,-0.0946465,0.30301768,-1.8352231,-1.1733155,-2.5270095,-0.5393492,0.14542612,0.2228781
273,0.037276275,1.8625969,0.12707286,-0.9942444,-1.477155,-2.6265357,-0.3326345,1.2806654,0.24722616
274,-1.8200654,-0.9937731,-0.6408143,-0.842884,-2.0422106,-3.5453336,-2.2416468,-0.6849054,-0.8067889
275,-2.4625149,1.2546595,0.67387277,-1.8086566,-1.0535197,-2.4862409,-1.8219509,1.5285687,0.89233667
276,0.44009852,-0.32321444,-0.112731636,-1.8108646,-1.8115981,-2.8539116,0.19907488,-0.4135694,0.33818364
277,0.186589,-0.9653015,0.40065682,-1.5599724,-1.0401416,-2.302616,0.44363752,-1.4938061,0.3388389
278,1.0034592,0.7138323,-0.89960814,-2.4781618,-2.671221,-3.5379517,0.26902527,0.6038163,-0.9988283
279,2.2327588,-1.1182132,0.35462216,-1.8949172,-0.9595488,-2.5673704,1.8490789,-1.176999,0.44354045
280,-0.41417196,-1.1213397,0.19301626,-1.4241267,-1.2090075,-2.4674065,0.3801991,-0.8711795,0.60742855
281,0.21370164,0.7799678,-0.4467438,-1.9955182,-2.0460172,-2.9069302,0.5031369,0.70733666,-0.115422875
282,-1.8830861,1.6785027,0.249084,-1.4755695,-1.3637087,-2.5613263,-1.7988795,1.6503367,-0.0021266043
283,-0.28985524,0.26044825,0.39259925,-2.0805755,-1.2548225,-2.7080941,0.04561186,-0.025167584,0.86972964
284,0.07615549,-0.82043356,1.4265943,-0.5259009,-0.7202009,-1.7278855,-0.8014157,-0.99624395,1.5855935
285,-0.7345583,1.2314489,0.7726189,-1.253619,-1.008321,-1.9933848,-1.186536,0.56921315,0.6718283
286,-0.52009493,1.2613384,-0.0437036,-0.183658,-1.6463239,-2.6349614,0.35078543,1.5424259,0.026780456
287,-0.563103,0.5951415,1.1006639,-0.43152094,-0.94869804,-1.7760644,-0.33417737,1.124646,0.713838
288,-0.63804555,0.2956609,-0.30124915,-1.5864213,-1.8152559,-2.7814586,-0.8715902,0.44648606,-0.39277554
289,0.3117257,0.7977905,-1.2647974,-2.9984493,-3.0803564,-3.9275887,0.15946838,0.8762869,-1.211331
290,1.6735687,-0.80023634,0.6924181,-0.55611837,-1.0451477,-2.1072414,0.20169854,-1.7931175,1.3034716
291,0.7279585,0.39165083,-0.2854678,0.016832799,-1.7286491,-2.9476225,2.0459712,-0.13127592,-0.29789072
292,1.5543443,-1.6756351,0.029368905,-1.6619445,-1.3977628,-2.8323312,1.6906091,-2.060219,0.032830667
293,0.9178272,0.537508,-0.5975332,-1.676949,-2.2970705,-3.171892,1.001718,0.42822778,-0.47017634
294,-0.13949409,0.3476538,-0.59185976,-1.5171771,-2.002993,-3.0618305,-0.5836569,0.61108774,-0.892332
295,-1.5403419,-1.9017177,0.18387955,-2.260314,-3.2197733,-2.9772072,-2.022222,-1.9319046,0.0032381266
296,0.28465566,2.1534688,-0.06595141,-1.6308374,-1.6133718,-2.9752839,0.8371142,1.6636097,0.22657704
297,-0.99668735,-1.1414431,-0.13896182,0.018986315,-2.1490736,-3.2672665,-1.5062051,-1.0294552,-0.1773869
298,-1.0561724,-2.6546483,0.043920964,-2.2374735,-3.8188467,-3.1214433,-1.1500682,-2.4909837,0.09169763
299,1.3964453,-1.0480145,0.27290455,-0.9357126,-1.275193,-2.4929547,-0.01962483,-1.3283863,0.20683447
300,1.0928918,0.55200326,0.19667292,-0.093329296,-1.4935567,-2.403202,1.6766615,0.39095065,-0.13026202
301,0.2959928,1.1107197,0.24928394,-1.918752,-1.6738744,-2.5508318,0.5209279,0.55591345,0.08779144
302,-0.5841781,-0.03676651,-0.35053697,-1.8695638,-1.8052063,-2.9064643,-0.5471134,-0.29739845,-0.23401329
303,-1.0139626,-0.6500242,0.37742352,-2.2132936,-1.3365192,-2.7431066,-1.0947776,-1.1119013,0.4427748
304,-3.4732049,-0.46552852,-1.2989693,-2.669188,-2.9945512,-4.4073944,-3.220955,-0.65458393,-1.183681
305,-0.47425023,1.6301794,0.29968232,-1.6834168,-1.3937073,-2.5332277,-0.062683284,2.0042012,0.40156567
306,0.8388165,0.15323521,0.42711216,0.6622822,-1.3635862,-2.2420204,0.74972606,1.2332108,0.3890078
307,0.5446306,0.5582998,0.792302,-1.4131521,-1.2812781,-2.0985024,0.28330225,0.8667619,0.8300908
308,-2.8761377,-0.37978286,-0.36535293,-2.6013913,-2.2442484,-3.6472588,-3.079609,0.04928282,-0.41940814
309,-0.53075135,-0.8560749,0.7488394,-1.983179,-0.34784013,-2.3878016,-0.8949239,-0.69683254,0.92704374
310,-1.6774051,1.3180705,0.66505796,-0.6440895,-1.2553036,-1.9872594,-1.3776639,0.23491836,0.2759847
311,-1.3606927,0.42354813,-0.10123578,-1.4146214,-1.5807171,-2.6568751,-1.2026638,-0.104489416,-0.023153923
312,-0.8734569,-0.6950152,0.6242658,-0.52459633,-1.5199697,-2.0654619,-0.99441797,-0.8043447,0.317896
313,-0.16494668,-1.3475095,1.0284308,-1.0533241,-0.6046634,-1.8973944,-0.17357355,-1.4017099,1.2645125
314,0.8157403,1.7793795,0.6623365,-1.5051397,-1.5543854,-2.2849326,1.5099199,2.250241,0.6300964
315,-0.64480644,0.31114033,0.02094957,-2.2220457,-1.6161723,-2.7416863,-0.83402216,-0.35627356,-0.16840874
316,0.50754446,1.0665113,0.17097601,-1.188858,-1.6431255,-2.4814017,0.52741015,1.2249675,0.47645587
317,0.9508949,-0.2929796,1.3343344,-0.43069625,-0.8922959,-1.7834771,1.345779,-0.8779218,1.0462749
318,1.8638608,-1.2013747,0.21119943,-1.5359308,-1.12689,-2.5861607,1.1979544,-1.2072427,0.28668082
319,1.5005585,-0.2497244,0.78213966,-1.2833595,-1.1857057,-2.1650584,1.8276385,0.4194622,1.006845
320,-1.3716979,-1.2980365,-0.56663615,-1.9396036,-2.6958055,-3.4765341,-1.637,-1.4499481,-0.4323458
321,0.71228653,-0.4381144,0.29160094,-1.4025513,-1.4177389,-2.398165,1.3570443,-0.4721732,-0.24103892
322,1.1175938,-0.3809913,-0.20472535,-1.5531806,-1.888324,-2.9185755,1.5324149,-0.08417362,-0.06297299
323,1.0372057,1.5213476,0.030409379,-1.1842446,-1.5842531,-2.6321027,0.93938804,1.2302032,0.168866
324,-0.07643884,0.9629632,-0.60431445,-1.5793666,-2.095966,-2.9720886,0.44333988,1.021701,-0.7532799
325,0.9191939,1.6214339,0.2742386,-1.8487159,-1.7661216,-2.6205342,1.2056885,1.5875442,0.31570476
326,-3.2173648,-1.2331758,-0.94990146,-1.9587837,-3.6949954,-3.9710464,-2.40627,-1.407773,-0.796952
327,-1.5691698,1.8658406,-0.9977182,-2.2423692,-2.2049472,-3.2521446,-1.6512017,2.432778,-1.2984624
328,1.5376616,0.19568636,-0.5900423,-2.2707958,-2.3608282,-3.3588479,1.535067,0.34426993,-0.7264658
329,1.3537008,-0.03990678,-0.26695323,-1.0264028,-1.7329307,-2.8663216,1.6019835,0.10194491,-0.18076701
330,0.5938763,0.8428172,-0.2981599,-2.1067524,-2.0545344,-2.910083,1.0287728,1.1348563,-0.74162734
331,0.32815778,-1.5203865,-0.35495546,-1.8029193,-1.7451665,-3.172423,0.43728644,-1.7581027,-0.14833726
332,-0.13810647,-1.1583177,-0.58822834,-1.4909468,-1.934905,-3.3058856,0.025780767,-1.0368261,-0.5223954
333,-0.7350916,-0.99585843,0.9691487,-1.3270689,-0.745803,-2.070729,0.05622691,-1.3952127,1.9357102
334,1.794185,-1.6567458,-0.047365367,-1.8239895,-1.3991792,-3.0069735,1.4677199,-2.0756285,-0.06682167
335,-0.91100603,0.6265555,0.44338048,-1.4034829,-1.2122128,-2.284533,-1.0580143,0.90999556,0.9068849
336,-0.63403106,-2.6740315,-0.7477535,-2.9323993,-3.994422,-3.5565755,-0.7262194,-2.4114668,-0.9280866
337,-0.6333629,-0.66134995,-0.0979255,-1.7873125,-1.5270305,-2.7597368,-0.6645559,-0.19916624,-0.2679869
338,-1.3073317,0.51915014,0.7102255,-1.2809992,-1.0824307,-2.1440008,-1.0511549,0.2908119,0.6296006
339,0.16009277,-0.7555288,-0.598287,-0.08564167,-1.786802,-3.193084,0.2708106,-0.1441896,-0.6172012
340,-2.247079,0.039602477,0.29602706,-1.0762751,-2.100946,-2.3468075,-2.7854264,0.46585268,0.44826263
341,-2.2486606,0.9991325,-0.98731863,-2.1790917,-2.71997,-3.7440841,-2.394077,0.97395223,-0.90922886
342,0.6637404,-0.19793569,-0.794104,-1.6015611,-2.0443597,-3.237668,-0.16370738,-0.56843686,-0.8099781
343,1.0069634,-0.51806444,0.4004622,-0.053982943,-1.4407718,-2.3562074,-0.6091088,-0.39228973,0.082758486
344,-0.42030406,-1.7222141,-0.85877156,-0.2842422,-2.6509905,-3.7698147,-0.24098995,-1.5682423,-0.7964007
345,-0.17159885,1.0936838,0.4604718,-2.0766068,-1.4434233,-2.629469,-0.3050499,0.98852503,0.9208767
346,-2.3213334,-0.20205633,0.13808608,-1.7163767,-1.5439811,-2.6866055,-2.4440775,-0.1408818,-0.06113012
347,1.0441484,1.2762074,0.52270895,-0.95225537,-1.4968235,-2.226488,0.6985529,0.7514373,0.45694858
348,0.7662439,1.171595,0.23291485,-2.002062,-1.8370457,-2.563562,0.6290876,0.8862612,0.05531828
349,-0.82993126,-1.4014348,-0.28277856,-1.8811973,-2.1536644,-3.0454783,-0.6265962,-1.416708,-0.54714715
350,-1.8458617,1.8376497,-0.055258542,-1.4373631,-1.695184,-2.7058783,-2.0354528,1.8573531,-0.09142861
351,0.50866455,0.44028646,0.15813841,-0.6515318,-1.5475194,-2.4466717,0.9057294,0.010886997,0.70722234
352,0.7383211,1.7142907,-0.9685293,-3.4752507,-3.6142945,-4.1251726,1.2720965,1.8441026,-0.8954546
353,-0.12338834,0.3174123,1.1879513,-0.5701231,-0.95368385,-1.7433217,-0.526142,-0.29858848,0.9048667
354,-1.4080356,0.22217508,0.668216,-1.8369223,-0.9953476,-2.4097466,-1.8553395,0.59238076,0.665657
355,2.3850634,-1.1281269,-0.3337011,-1.8734897,-1.473988,-3.1495328,2.8605294,-1.3869866,-0.4451567
356,-0.4613226,-0.24183662,0.8244505,-1.4113526,-0.8389519,-2.1415136,-0.9301437,0.121962115,0.94691944
357,-1.6956706,0.8368412,-0.27365226,-1.4790474,-1.9171977,-2.7656877,-2.4404795,0.384678,-0.33023298
358,0.97043914,-0.26646805,-0.76483786,-1.5547997,-2.109835,-3.3595529,0.6661322,-0.14107454,-0.62241936
359,1.0021644,1.4950565,-0.26667172,-1.7091706,-1.8867764,-2.9549556,1.1625521,1.4046166,-0.7427255
360,-0.3555274,-1.105426,1.3815892,-0.9950708,-0.19597512,-1.7028981,-0.89773345,-0.29973722,1.0843201
361,0.0322927,-0.15273573,-0.36035264,-1.4263955,-1.851752,-2.9043117,0.63723457,-0.61804646,-0.2914593
362,0.87206346,-0.10468216,0.009365408,-1.6851007,-1.804714,-2.7247624,1.37533,0.28303635,0.4678419
363,-1.1013749,-0.9504596,0.1992265,-2.334056,-2.0113652,-2.9543285,-1.2095839,-0.60779274,0.07261783
364,0.16763651,0.82578224,0.094953984,0.9361714,-1.5957465,-2.3567605,4.022279,1.2811099,-0.1019437
365,1.554985,-0.9287226,0.63995844,-1.4568694,-1.0085769,-2.1987963,1.3832847,-0.83927834,-0.0007892251
366,-0.039043657,0.5715165,-0.89341956,-0.54342306,-2.288524,-3.1667964,-0.12315836,0.17128557,-1.1725868
367,0.7208854,0.8916203,0.32969528,-1.7089071,-1.6843798,-2.4284625,1.0598608,1.0118352,-0.11858696
368,0.9164036,2.0063884,-0.3549669,-1.864215,-1.8621836,-3.243624,0.5183339,2.5385485,-0.5822662
369,-1.8823926,2.1967793,-0.6475098,-1.6139432,-2.2955596,-3.0558355,-1.7147818,2.6395235,-0.491784
370,0.67000455,1.5385902,-1.172921,-3.2355428,-3.666947,-4.0078545,0.7569878,1.3156227,-0.8959304
371,0.994494,1.8336526,0.20417897,-1.913734,-1.8371844,-2.7415142,1.1694838,1.5148295,0.08932267
372,0.24253058,-1.0622016,0.50058085,-0.97678995,-1.4943514,-2.2217095,0.27828592,-0.73996395,0.5389206
373,3.3581738,-1.9143633,-0.2594549,-1.8064896,-1.287838,-3.0331705,3.397372,-2.2096581,-0.49398673
374,-1.3453785,-0.48710304,-0.3707993,-2.1386805,-1.9230425,-3.1168911,-1.1738986,-0.85460234,-0.33191407
375,0.104636945,-0.96842945,-0.10647403,-1.7588642,-1.3949144,-2.80689,-0.06828695,-0.51668704,0.12611887
376,0.070398636,1.7710555,0.7979548,-0.89158356,-1.2077029,-1.8965315,0.34832367,2.547483,1.0679742
377,-0.28062063,0.45219424,1.4917375,0.006657481,-0.7004608,-1.6766853,1.6385632,0.9979925,1.6361097
378,0.38265508,-0.063702986,1.0815428,-0.4896165,-1.0286131,-1.8138433,1.0947163,0.2157989,1.0845113
379,1.6355393,0.31106547,-0.50032127,-1.8612609,-2.3746803,-3.290713,1.695848,0.40128353,-0.42536193
380,0.07494552,1.8464459,-1.4723696,-4.194106,-3.9053469,-4.8156757,0.15958503,1.9662036,-1.3107709
381,0.095870025,-1.2427744,0.34212196,-1.928008,-0.7894501,-2.4761963,-0.07405237,-2.5233035,0.5550937
382,-0.7568653,-1.0445222,-0.5390333,-1.7639378,-1.923554,-3.2179596,-0.527206,-1.3104652,-0.57281595
383,-0.044872157,1.502906,0.094788775,-1.7695249,-1.6882823,-2.726374,0.31092596,1.0253247,-0.09147377
384,3.009428,-1.3389348,-0.2843322,-1.8695585,-1.3379209,-3.1718771,2.5382187,-0.6044005,-0.07272217
385,-0.18331856,1.4473267,-0.17699443,-2.205414,-1.7832668,-2.9183073,0.08215535,1.7791029,0.17284049
386,-0.2297849,-0.7678507,0.33379194,-1.3273644,-1.1705823,-2.373097,0.48332202,-1.0631206,0.20995277
387,0.21011025,0.8492684,0.96877277,-1.2602096,-1.0526943,-1.9347956,1.1075885,1.4525968,1.359125
388,-0.42040756,-0.07173781,0.63268226,-1.8428484,-0.8705788,-2.4468386,0.23620436,0.06749223,0.4500143
389,-2.3297498,1.7559104,0.19149858,-1.8772126,-1.533257,-2.8494613,-1.6219585,1.2516987,0.577497
390,0.13122067,-0.09671681,0.22665359,-2.0221248,-1.4456,-2.5256715,-0.3119581,-0.3308728,0.23849823
391,0.4434378,-0.5263256,1.2201985,-1.0209057,-0.8214944,-1.8198714,0.43729347,-0.79372096,1.5774817
392,0.8212973,0.9885701,-0.2956454,-1.1820736,-1.9361463,-2.8984773,1.3754351,1.2523246,-0.06859264
393,-1.7255077,-0.6725129,0.04688725,-1.1157289,-1.6232922,-2.7880573,-1.462636,0.011319518,0.15055631
394,-0.99672174,-1.634672,0.32433763,-2.2946987,-1.45803,-2.7566965,-0.9958871,-1.6608701,0.06875491
395,1.8603,-1.7309746,-0.3924083,-1.3159214,-1.8224163,-3.266899,1.9324448,-1.6031933,-0.4497909
396,-2.598554,0.5656203,-0.81285447,-2.1979642,-2.6637218,-3.6958323,-2.9662292,0.6773228,-0.9042795
397,0.55294305,1.11004,-0.30997524,-2.0917418,-1.9859085,-2.9189367,1.0511739,0.95777905,-0.4525835
398,-1.7118261,1.1295162,-0.6834458,-1.7617604,-2.2312202,-3.0945063,-2.2581828,1.2385769,-0.85408044
399,0.04336352,2.1005208,-0.69066197,-3.9330878,-3.3880248,-3.9722216,0.23596662,2.1174197,-0.79439163
400,0.40230685,-1.8412628,-0.9141281,-1.1979097,-2.7775226,-4.005767,1.161119,-1.8244582,-0.7606337
401,0.010171302,1.7358991,-0.20301522,-1.6743618,-1.7239606,-2.9632165,-0.19217771,0.9755121,-0.21981715
402,-2.4704702,1.3678374,0.2430327,-1.8634144,-1.5076747,-2.7772367,-2.3796935,1.5558693,0.773798
403,0.6465228,-1.5386386,0.16570532,-1.7689039,-1.7599065,-2.688746,1.1757082,-1.2442657,-0.10425851
404,0.2592494,-0.65264183,-0.5537983,-2.128503,-2.099043,-3.272931,0.15784872,-0.829055,-0.70150304
405,0.5335067,1.0312039,-0.24051395,-1.6446121,-1.9409039,-2.8470073,0.4562482,1.5372006,-0.36333686
406,-0.16287225,-1.7192472,0.48413634,-1.7613636,-1.610914,-2.4202058,-0.43760616,-2.0615282,0.3118983
407,0.06896479,1.248724,0.24873938,-0.8290937,-1.4996669,-2.3470895,0.9244543,1.442976,-0.025736913
408,0.6311219,-1.1862036,-0.58251524,-1.6071436,-1.9740727,-3.4089003,0.6057395,-0.6555065,-0.2859307
409,1.4745284,-0.27010477,-0.04627175,-1.4605812,-1.7919807,-2.7700732,0.69913775,-0.22394297,0.607516
410,0.04279477,1.9348171,0.072715715,-0.11649358,-1.5383811,-2.53651,0.3849605,1.761182,-0.21178044
411,0.4796369,0.42308006,0.9319687,-1.0710148,-1.1380718,-1.9313643,0.85593057,1.0884268,1.1983693
412,-0.4987,-0.19165687,0.38673437,-1.9423082,-1.1159621,-2.5612745,-0.97805345,-0.033244953,0.36569035
413,-0.08990934,-0.22801994,-0.5123687,-1.9846107,-2.0235016,-3.187835,-0.12422215,0.32957906,-0.9277859
414,-0.7431688,-1.2479508,0.5382039,-2.2490954,-0.95188695,-2.5840409,-0.7647687,-1.3562324,0.58681
415,0.3397714,0.34724858,1.1838603,-0.7856469,-0.9936749,-1.7878675,1.0872157,1.7161701,0.63597935
416,-1.1109211,-0.57810104,0.2855037,-1.0985596,-1.4773505,-2.3719954,-1.7487597,-0.3116396,0.41074482
417,0.16963866,-1.8274916,-0.17286327,-2.0167496,-2.2552836,-3.2074878,-0.39348325,-2.0439706,-0.40218055
418,0.4232167,0.3383129,1.5430924,-0.5958859,-0.6838983,-1.6243305,0.90073925,0.25135875,1.4424547
419,-0.94727826,-1.8113083,0.24109791,-2.1300669,-1.7201786,-2.763241,-1.0249444,-1.4651709,-0.01943387
420,-1.6226139,-1.5148884,0.0467315,-2.2198715,-2.5840695,-3.0085232,-1.792874,-1.3760382,-0.009762712
421,0.3169274,0.6244743,0.10783687,-1.0913203,-1.6405346,-2.4831254,-0.16939285,1.1806985,-0.23128933
422,-2.8799257,0.10558434,-0.297516,-2.420651,-2.166503,-3.4145439,-2.6764686,0.19187385,-0.34883422
423,-0.4637766,1.1438031,-0.056294158,-2.7206464,-1.7120807,-3.1291397,-0.34299195,1.449862,0.35721314
424,-2.5560467,-0.21504788,-0.6720108,-2.0753655,-2.5159998,-3.590072,-2.612879,-0.20694911,-0.62154156
425,-1.768986,1.894322,-0.516878,-1.6043798,-2.0811174,-2.9810712,-2.7162743,2.2144887,-0.32215196
426,0.59036964,0.59513104,-0.3943832,-2.1706064,-2.1067564,-3.008095,0.33199844,0.9558248,-0.17496645
427,1.2658219,1.3988642,-1.0683849,-2.7336092,-2.5340576,-3.2491343,1.0659161,1.3445655,-0.74900174
428,0.9902645,0.010472912,0.25116834,0.7401451,-1.9407649,-2.4824438,2.795543,-0.4910809,0.29459938
429,1.2932001,0.23336484,-0.22647975,-1.3167464,-1.9100525,-2.9090886,-0.37146664,0.0865777,-0.13326365
430,2.5114777,-0.8163032,-0.9936013,-1.123393,-2.309301,-3.570358,1.7332087,-1.1770422,-0.9041594
431,0.15581313,-0.2820072,0.5061234,-1.6016952,-1.095304,-2.2273972,0.5896929,-0.6174225,0.28773674
432,0.1287094,2.4995441,-1.2548349,-4.964701,-4.37584,-5.109217,0.28116274,2.5627558,-1.254055
433,-0.16937041,1.1079935,0.14268786,-1.7556614,-1.6393008,-2.6881974,0.09786245,0.3507362,0.07825954
434,-0.6932295,-0.4383128,0.21379215,0.88898563,-1.3528306,-2.503347,-0.98174703,-0.6015191,0.5934294
435,-1.2231406,1.308625,-0.7789225,-1.6452265,-2.3449912,-3.020154,-1.5612338,0.6912995,-1.1567543
436,0.07076598,0.6056138,1.0737451,0.61531234,-1.0188745,-1.8637973,-0.5759286,0.15170288,1.0856454
437,-0.49603713,-1.2503566,1.503267,-0.91593397,-0.0909484,-1.6332457,-1.7278134,0.076749444,1.6621779
438,-0.13659394,-0.8561839,0.637316,-1.5349842,-0.7180232,-2.2092204,-0.667392,-0.20813495,1.2665422
439,-0.061539583,0.7233967,0.5754448,-1.506541,-1.2994576,-2.2232711,0.49596643,0.890058,-0.023247957
440,-0.9700441,-0.715451,0.48533583,-2.2276547,-1.248192,-2.6675644,-1.5775399,-1.0697075,0.64148796
441,1.3110675,0.31062832,0.019841535,-1.3168253,-1.806381,-2.7288442,1.8654797,0.3093793,0.14999895
442,-1.9984014,1.8350073,-1.0251052,-2.2075682,-2.5282414,-3.7019608,-2.4238253,1.409917,-0.8334873
443,1.960263,-1.7050384,-0.88008744,-0.86176336,-2.3312285,-3.6175327,2.6610665,-1.7451049,-0.8245276
444,-2.1347957,-0.71463645,-0.1291604,-1.7974072,-1.6803877,-2.883555,-2.5489583,-0.6689808,-0.1658979
445,0.7602616,1.2974257,0.45272613,-1.4135514,-1.5907006,-2.3382463,0.8322751,0.2928022,0.5563883
446,-2.6438992,0.025909621,0.553861,-1.0620955,-1.6459963,-2.102209,-3.0581892,0.5361598,0.28701606
447,1.1691957,0.44770396,0.5007365,-1.5938219,-1.6705196,-2.4099038,0.5682572,0.6564919,-0.16213882
448,-1.5865078,0.9420941,-0.3779111,-0.8004413,-2.120339,-2.8678563,-3.0360787,0.59256047,-0.27453625
449,1.0211023,-0.13910045,0.79798996,-1.3488878,-1.2134774,-2.0596626,1.6380167,-0.8544729,0.3013901
450,-0.9248156,0.9905845,-0.27881655,-1.4953426,-1.8625305,-2.7841616,-0.3421489,0.8081883,-0.27075326
451,1.296809,0.53178394,0.07102437,-0.6203188,-1.5985904,-2.572429,-0.18355358,0.26969767,0.360413
452,-0.31782126,0.44845837,0.49604404,-1.2488613,-1.2279311,-2.1924887,-0.37782297,1.9107261,0.7243517
453,-0.5571087,0.5538689,-0.013272317,-2.5348854,-1.642962,-3.0270987,-0.7027011,0.2724841,-0.26540548
454,-0.76750904,0.16284527,0.3693268,-2.067266,-1.2369771,-2.63304,-0.887289,-0.51302,0.5220767
455,0.8143819,-0.07800476,-1.2479311,-1.7836989,-2.2443335,-3.4263852,0.80912215,0.24246724,-1.5504029
456,-1.8731486,-0.04037712,-0.092148244,-2.019063,-1.7127829,-3.1194494,-1.5442462,-0.42354932,0.0760193
457,-1.977128,-0.5618753,-0.098433614,-1.6242806,-1.5629396,-2.7562494,-2.317743,-0.5508114,-0.28297332
458,-0.8248104,-1.3554069,0.0043687206,-2.2517037,-1.639251,-2.6949446,-0.9097054,-1.1617957,0.020012558
459,-0.7047206,0.20406623,0.68546945,-1.7122778,-0.9644626,-2.3045754,0.027617574,0.9123812,0.3022703
460,-2.4693696,1.7866141,-1.0121855,-2.6575685,-2.6182091,-4.2131925,-2.9134233,2.020101,-1.0208557
461,0.6074391,-0.4559979,1.8264904,-0.10610703,-0.5114603,-1.5734863,2.7914033,-0.20335507,1.9204104
462,-0.4493425,1.2669764,0.51587135,-1.674762,-1.1933002,-2.3604088,-0.5697128,0.87063265,0.38407892
463,-1.7267988,1.9891912,-0.59205985,-1.4866921,-2.2133157,-2.9125497,-1.6374629,1.8592266,-0.3101372
464,-0.8440584,-0.38315648,0.4334392,-1.0571547,-1.2398653,-2.2205393,-2.172237,-0.70140463,0.09149405
465,-1.5682533,0.5233206,-0.25832286,-1.0953679,-1.8054435,-2.7913954,-2.0177588,0.8612448,-0.48049885
466,-0.8550893,0.3952763,-0.3011046,-1.8438958,-1.7932768,-2.765031,-1.313025,0.76200366,-0.22822008
467,1.0967144,-0.45138857,-0.032502033,-1.1736069,-1.6241913,-2.6633306,1.7276574,0.19878253,0.09235237
468,0.69492716,1.1971477,-0.16159329,-1.8424109,-1.8974643,-2.81393,0.84515494,1.2155241,-0.29116842
469,-2.6282122,1.1763657,-0.3611052,-2.1656728,-2.1668985,-3.2400134,-2.027512,1.3703622,-0.5457797
470,-2.4281487,0.48067972,0.59259593,-1.703527,-1.3246868,-2.513605,-2.5540113,0.7277642,0.52880555
471,-0.020522289,-0.30889142,0.1712794,-1.7010766,-1.4200392,-2.528733,-0.5271565,-0.29222423,-0.327538
472,-1.525885,0.7961205,1.0026839,-1.0278083,-0.95451945,-1.9193771,-1.2881296,0.16686285,1.1487153
473,1.3345184,-1.6825715,-0.7211652,-1.4605969,-2.104663,-3.714187,1.9931691,-1.9231591,-0.78095144
474,-2.375678,1.0267227,0.0784682,-2.3768306,-1.605557,-3.2598417,-2.0597425,0.48009646,0.16836885
475,0.57675695,0.23045655,-1.1268595,-2.3494306,-2.3856013,-3.4559114,0.2527876,0.59931237,-1.3052387
476,0.05945707,1.1957157,-0.49451566,-0.81382126,-2.1352503,-3.1099951,-0.551551,1.2003137,-0.7317179
477,-0.35276127,-0.07809399,-0.26293656,-1.7832761,-1.7468274,-2.8798132,-0.2922826,0.31572682,-0.21939225
478,3.9796987,-0.20483111,-1.2248905,-2.1290288,-2.892591,-4.3616724,4.3344197,0.25025105,-1.1959231
479,-0.8889007,0.95706874,0.2022318,-1.9277962,-1.4183712,-2.704209,-1.9653904,0.73736405,0.5122297
480,1.0080098,0.4814922,-0.4330613,-2.008356,-2.269978,-3.1374793,2.0982866,0.25096172,-0.48266378
481,1.040266,0.82243294,1.0437264,-0.9246041,-1.2255833,-1.9004438,0.9388813,1.4547396,1.0655731
482,-0.44784185,0.83993554,0.2036041,-2.333549,-1.5385144,-2.9360101,-0.89014286,0.89206195,0.5496501
483,-0.21385384,0.4131545,0.5502545,-2.133247,-1.0861572,-2.6250904,-0.0207434,0.8874246,1.0087632
484,-0.073889785,1.0624326,-0.18361713,0.60535073,-1.7535815,-2.673581,0.20344391,0.20398796,-0.45874333
485,-0.5887968,-1.6706063,-0.1688698,-1.689856,-2.1297646,-2.9354148,-0.5494019,-2.680521,-0.4073044
486,-0.34201866,0.99334776,0.59762615,-1.7170008,-1.1629579,-2.3275416,-0.4649048,0.7146106,0.8750504
487,0.74318874,1.8795391,-0.021712305,-2.034553,-1.8425381,-2.9033005,1.029652,1.5442982,-0.26692647
488,0.63499624,-0.3674279,-0.016526068,-1.366141,-1.6103022,-2.6420174,0.3652251,-0.39794606,-0.27629453
489,0.7331463,-0.89894366,0.035737306,-1.792836,-1.574573,-2.6908548,1.3279345,-0.5639509,-0.3562094
490,-0.51730335,0.7023027,1.4767885,0.01623261,-0.6834471,-1.6654098,-1.3382668,1.5937881,1.2741895
491,2.1748207,-1.0570718,0.54054695,-1.465526,-0.8235742,-2.3373091,2.9250646,-0.48798877,0.13401586
492,0.4216653,-0.00926755,1.1066198,-1.0584344,-0.972117,-1.8413558,1.1227487,0.80588907,1.5890601
493,-2.3998723,1.011423,0.18360963,-1.4014913,-1.7670267,-2.466106,-2.9450302,0.51890314,0.39436048
494,0.7098991,1.8334517,-1.6819432,-4.198098,-4.784573,-5.1918364,0.89024043,1.846208,-1.633241
495,0.21239188,-1.9952629,-0.19957536,-2.2046413,-1.845182,-3.1111271,-0.11721122,-1.4369682,0.031423762
496,-0.5106028,0.2524701,1.6733971,-0.5249344,-0.49312872,-1.5695775,0.76634794,-0.8430892,1.3020358
497,-0.101835005,-2.0433922,-0.3501811,-2.0464764,-3.0738454,-3.5840073,-0.14478214,-2.3714707,-0.5039569
498,2.9327824,-1.9553668,-0.3078804,-1.7612352,-1.6689973,-3.5399265,2.9101305,-1.5861536,-0.29690593
499,0.5235276,0.69062436,1.4113321,-0.30807883,-0.87077796,-1.6764288,0.5799784,1.6503268,0.7166846
500,1.2172294,-0.41710633,-0.3183531,-1.5532335,-1.9325166,-3.053569,1.3906991,0.06825405,-0.05536771
501,1.3797724,-0.9892917,1.127907,-1.1377783,-0.85660285,-2.0373874,-0.03272271,0.47851032,1.3726716
502,-0.57087153,0.4556469,2.0953355,-0.09719628,-0.37952405,-1.3689082,0.30970687,0.19968107,1.5175955
503,-1.2082814,0.7711334,-0.3448747,-0.8609772,-1.9111621,-2.8273942,-0.52876574,1.076184,-0.519721
504,0.6339797,1.4774182,0.27858505,-2.0648327,-1.8146062,-2.5744233,1.2405884,1.8766326,0.14995724
505,0.88742644,1.9228563,0.022624208,-2.0013733,-1.8609576,-2.8958166,0.57399666,2.0843017,0.16671844
506,1.0347629,-0.7213524,1.5480906,-0.37549984,-0.81143,-1.7361722,-0.07777023,-1.8487868,0.82983524
507,-0.13838959,0.7985065,0.52679765,-1.9868433,-1.3101809,-2.5184298,0.01816766,1.1792057,0.5043364
508,-1.2204715,-0.4373193,0.21640943,-1.0835233,-1.43542,-2.4307933,-1.4691442,-1.5040646,0.56670797
509,-0.8095885,1.0531688,0.18830818,-2.303609,-1.4834919,-2.800321,-0.7312387,0.3642938,0.16591293
510,1.312372,0.70372933,-0.6890451,-1.2975333,-2.1964695,-3.104482,1.0974633,0.8626554,-0.67225015
511,-0.9149475,0.6645504,1.3281133,-0.82289183,-0.7395289,-1.7622662,-0.04793352,0.19678691,0.8215488
512,-0.068132214,-0.85792655,1.1025515,-0.87951404,-0.6787033,-1.8475327,0.3262807,-0.01271683,0.73314583
513,-0.26645184,-0.43438926,0.5006913,-0.87657225,-1.2273378,-2.111577,0.24674344,-1.1955496,0.44350708
514,-0.42884576,0.84815234,-1.0932043,-0.7248834,-2.5611627,-3.315119,-0.64584756,0.5812998,-1.106596
515,-0.035413615,0.51236665,0.14472239,-1.3105161,-1.6281571,-2.510889,-0.04110514,0.2551138,-0.010441467
516,-0.048318796,1.1463122,0.5703711,-1.5495329,-1.3311546,-2.1838841,-0.47410056,0.5931647,0.82789713
517,-0.636735,1.0797566,-0.2974828,-2.5420814,-1.9866405,-2.9282959,0.0021836162,0.78658855,-0.48042917
518,1.4366887,0.39852008,-0.20032196,-1.6047016,-1.9687989,-2.9608412,1.3500241,0.6878059,0.18720992
519,0.07597969,-0.074087545,-0.79409456,-2.0935006,-2.0704856,-3.26451,-0.015752591,0.27669126,-1.0842519
520,1.2018865,-0.79821265,-1.8480613,-1.2763207,-2.4939158,-4.0264583,1.0351243,-0.6782932,-1.8951029
521,1.1234595,0.8687144,-0.3846564,-1.2814453,-2.0385897,-2.9729936,1.2621169,0.09644061,0.035313547
522,-0.83859795,-0.7331132,0.014043136,-1.8506125,-1.4320235,-2.6315775,-0.9873222,-0.45617065,0.23284338
523,2.0038028,-0.3781838,0.17658222,-1.6783792,-1.4401557,-2.5900438,1.7459168,-0.6324048,0.33230227
524,1.0539521,1.7033426,-0.66904354,-1.0416157,-2.5885923,-3.150802,0.844888,1.6376686,-0.98227787
525,-0.28371596,-1.1843916,0.90100884,-1.3891002,-0.3085974,-2.057375,-0.9177749,-2.8957045,0.63050956
526,-0.2727844,0.16116785,0.07304701,0.119291484,-1.5579,-2.5807958,-0.96160483,-0.24854966,-0.09492807
527,-1.5477502,-0.2841375,-0.41376632,-0.0041760206,-1.7725463,-3.1932032,-2.133813,-0.54905665,-0.6799699
528,-0.2858368,1.9875883,-0.3531765,-2.3932724,-1.8815005,-3.0553079,-0.24368018,2.1912417,-0.71929634
529,-1.6007359,-1.3797046,-0.806988,-2.0977004,-2.6292124,-3.6699936,-1.8547533,-1.7042254,-0.65503263
530,3.0138483,-0.98548555,-0.14551227,-1.5527424,-1.3356066,-2.9466984,2.6917272,-0.9986899,0.24583925
531,-2.347847,0.4714947,0.25358582,-1.111805,-2.0450242,-2.3275113,-3.2063477,0.71326065,0.19365028
532,-0.7102867,-0.2194343,-0.20840485,-2.6131978,-1.8519008,-2.992134,-0.67956656,-1.0645735,-0.017710432
533,0.55920374,1.3145441,0.616373,-1.4674013,-1.4599354,-2.1240883,0.5632241,1.9721675,0.06952882
534,1.3123231,-0.65605575,0.40647954,-1.4964231,-1.3293839,-2.3541007,1.4354873,-0.9792813,0.82250667
535,-1.079597,0.2690138,0.5131474,-1.5914065,-1.0806043,-2.304454,-2.1223714,1.1080598,0.29031754
536,1.7028025,1.3984264,-0.5785097,-1.1924379,-2.327232,-3.0617993,2.0562572,1.5863644,-0.45832705
537,-0.026583366,1.6082428,-0.37991735,-3.2022843,-2.4869144,-3.404804,-0.032796293,1.9233124,-0.47837085
538,0.74392605,1.3270243,1.2429407,-0.8696059,-1.1183996,-1.8174107,0.20533872,1.4580125,0.94742703
539,-0.9651697,0.28200486,0.3267601,-1.7734611,-1.2232227,-2.5329287,-0.65482444,-0.37885585,0.83691794
540,-1.2533283,1.2880077,0.021982936,-1.55689,-1.5105474,-2.5626686,-1.5886309,2.2293732,-0.21423148
541,-0.27572167,-0.2123792,2.00349,-0.13962978,-0.43190008,-1.4389141,-1.6219041,0.12065269,2.4577394
542,0.15371412,1.6923795,0.076910496,-2.334384,-1.8695309,-2.7922542,-0.41273737,2.0109112,-0.13313842
543,0.6395752,0.20014901,0.6857618,-1.5682629,-1.3435445,-2.1764905,0.921491,-0.19560443,0.263312
544,-1.9151114,1.5126419,1.218874,-1.2817098,-0.8646504,-1.9382386,-1.6393797,1.2852488,0.5257117
545,-1.1058009,-0.31287774,-0.33092687,-0.6249794,-1.6194489,-2.9698498,-1.1348213,-0.34047073,-0.36082044
546,-0.23126388,-0.17163317,1.3788878,-0.699507,-0.70658386,-1.7098317,0.443312,-0.35206988,1.2745414
547,-1.4345082,-0.2588076,-0.7950661,-1.4586374,-1.9308319,-3.158294,-0.8157576,-0.113644525,-0.7746579
548,0.7017731,1.2558554,0.06057603,-2.20818,-1.8986874,-2.698969,1.3847802,1.504111,-0.20336413
549,0.6039619,1.3957299,0.6223362,-1.4935416,-1.4721603,-2.1399498,0.32258612,1.3290422,0.9122221
550,0.9083499,-0.33172464,0.8118484,-0.58616,-1.173288,-1.9057794,0.6319558,-0.63295746,1.6177486
551,-2.4379547,1.5143124,-0.90764177,-2.5685549,-2.618908,-4.1402216,-2.612625,1.1245813,-0.9836172
552,-1.1948833,0.8838782,1.0979873,-1.1321456,-0.8456209,-1.9017308,-1.6355534,0.90643084,1.8531605
553,-0.9708719,1.991069,-0.6965612,-2.2018156,-1.9998856,-2.941954,-0.7236326,2.459873,-0.8962436
554,-0.3113554,-0.13399737,1.6076536,-0.11727947,-0.74610996,-1.6655998,1.8245654,0.5533659,0.9289292
555,-0.9145914,0.13720383,0.16313756,0.5935228,-1.5622163,-2.3690794,3.362197,0.28246775,0.16379535
556,0.13944015,-1.1121324,-0.1629859,-1.5919499,-1.4851944,-2.8847995,-0.19982588,-0.51812714,-0.033514127
557,0.22176886,1.7775326,-0.37822318,-1.8016169,-1.9224882,-3.159385,-0.080266416,1.8034837,-0.023267597
558,-0.8574218,0.52397573,0.6858838,-1.7552996,-0.96737623,-2.343922,-1.2501318,1.421915,0.82837194
559,-0.23873824,1.7002515,1.1985897,-0.3747276,-0.84146136,-1.6364114,1.693577,0.5809232,0.6720142
560,0.17563322,-2.7427776,-0.8066325,-2.3769045,-2.8396273,-3.7535098,0.20752692,-2.9683456,-0.9831647
561,2.3476229,-0.63099253,-0.65256846,-1.6432322,-1.9582934,-3.4430702,2.7169187,-0.51625025,-0.70103025
562,-2.5417063,-0.70009905,-0.25173151,-1.9559371,-1.9096179,-3.1003366,-1.9265645,-0.62536514,-0.5002929
563,-1.9139792,-1.137374,-0.30360276,-2.2117271,-2.8708575,-3.5218103,-1.7398831,-0.9029512,-0.5667544
564,1.3619422,-0.42894113,0.51323086,-1.2999066,-1.2829812,-2.262695,1.0210377,-2.0369663,0.98828435
565,-0.6281686,0.67846274,-0.22532181,-2.500863,-1.8875391,-2.9350119,-0.7750902,0.16086155,-0.028465986
566,0.3201909,2.3523865,-1.0010837,-4.2884426,-4.048703,-4.4771523,0.44980565,2.5283256,-0.91812325
567,-1.4780293,-0.55065435,-0.11017376,-1.5329887,-1.5606718,-2.7784216,-1.4924002,-0.4800778,-0.13790926
568,-0.043664686,-0.2991015,-0.6691332,-1.8841131,-2.009412,-3.239028,0.22946587,-0.93938863,-0.9390945
569,-0.4567891,0.14537616,-0.04103002,-1.9727371,-1.6018822,-2.762249,-0.23363772,-0.11706971,-0.31072056
570,-1.7908669,-0.059053164,0.030841319,-0.6336356,-1.5162392,-2.5883052,-1.4259403,0.1203772,0.2241556
571,-0.11355137,0.5590435,0.33129987,-1.4610693,-1.4687333,-2.4328501,-0.8241998,0.10828218,0.35798082
572,0.57843333,0.6122607,-0.54951173,-2.0957906,-2.1902711,-3.100863,0.39465255,0.30602923,-0.14067957
573,-0.6352173,-0.04960827,1.7728139,-0.27625054,-0.6328303,-1.5978322,0.21806818,1.6128129,1.467837
574,-2.1601017,-0.1991189,-0.30728355,-2.4373393,-2.2235794,-3.7540956,-2.0498996,-0.19421083,-0.56681067
575,-1.3654315,-0.54664654,-0.082570076,-1.5821688,-1.5207138,-2.7379463,-0.7232529,0.1821059,0.103422046
576,0.38725388,-0.536093,-0.42691895,-2.1082618,-2.1011746,-3.2111964,0.26500434,-0.02720064,-0.51931155
577,-0.30760735,1.8292309,0.49876833,-1.2681496,-1.2503214,-2.161446,0.37332058,2.4584517,0.46274322
578,-0.19185585,-0.44948843,0.6146255,-0.83896893,-1.1892563,-2.0643642,-1.2217693,-0.017839015,0.8156267
579,0.16885227,0.68078613,1.941064,-0.49809712,-0.44429165,-1.3855443,1.8804681,0.83284557,1.9798423
580,-0.26138026,-1.2360564,0.3994733,-0.8619281,-1.8230314,-2.3094037,-1.8745658,-1.4551821,0.17213705
581,0.2336292,-0.15294214,0.36037326,-1.9365106,-1.2778165,-2.414551,0.19390483,-0.29841572,0.5213155
582,0.20527816,-0.27959442,0.6667798,-1.1154813,-1.1399963,-2.0684986,-0.20060664,-0.82909703,0.72826546
583,0.8817558,0.7225083,-0.32078052,-2.4898286,-2.295628,-3.0861087,0.82314247,0.41380674,-0.7139001
584,-0.50300956,0.95336294,-0.19389519,-2.002471,-1.8085155,-2.742392,-0.5476157,0.785799,-0.02991575
585,-2.2357016,0.354068,1.2004915,-0.7801421,-1.0731959,-1.9108005,-2.5755818,-0.4611409,1.5477893
586,2.580555,-0.50483656,-0.4192631,-2.1979566,-1.8311903,-3.3898442,2.7108123,-0.75415367,-0.047691762
587,1.0339581,0.51839685,0.06177766,-1.5566803,-1.8585842,-2.7017894,1.2081058,0.59587204,0.27779895
588,0.26810586,0.3780618,0.13263215,-0.5280449,-1.5430913,-2.4369082,-0.074044794,-0.29340938,0.13535418
589,-0.49592623,0.09592427,0.6205443,-1.6619796,-1.019183,-2.3534973,0.56636405,0.18857619,0.87854224
590,0.15593469,1.7062513,0.06683923,-2.1950269,-1.8248651,-2.7703247,-0.043825537,1.6162231,-0.1508367
591,-0.38220197,0.2062005,1.794879,0.24410456,-0.52051806,-1.5898255,-1.2346785,1.6720682,1.4172587
592,2.2516797,-0.91751695,0.12444908,-1.2174505,-1.0784645,-2.6509006,2.2114518,-1.2262405,0.40906435
593,0.64199716,-1.8715304,-0.4094209,-1.5086058,-2.4865112,-3.601936,0.21003598,-1.5669125,-0.15452018
594,-1.278744,0.33871427,1.4244912,-0.9978294,-0.74496365,-1.8060964,-0.5479063,-0.029724061,2.3991916
595,-0.7653912,0.4069223,0.3233066,-1.9695593,-1.2783151,-2.6233695,-0.311231,0.97063506,0.210885
596,3.3099174,-1.3489047,-0.6134748,-2.0903163,-2.1583574,-3.827687,3.2953713,-1.7929019,-0.6634875
597,-0.29770264,-1.7508525,0.8042951,-1.447217,-0.6607343,-2.1202297,-0.5309678,-1.0574231,0.0036107898
598,-2.0782228,-0.436433,-0.419494,-2.4024868,-2.243418,-3.7020175,-2.2200947,-0.7545247,-0.49236467
599,0.4491517,-1.5258739,0.4372893,-1.758155,-1.3509202,-2.3398824,0.36699057,-0.8091612,-0.019044548
600,1.6004574,3.2010913,-1.6735779,-3.3141456,-3.1633542,-3.5989325,1.9691695,3.1963952,-1.6600707
601,0.13381061,-0.27847126,-0.021475436,-1.865892,-1.6501813,-2.7033677,-0.2238369,-0.19805028,-0.07405006
602,0.27321064,-1.407961,-0.009388851,-1.0945758,-2.031724,-2.9229827,1.615168,-1.205842,0.01638715
603,-1.3216281,-0.22005554,0.5094214,-1.9342752,-1.1327758,-2.5463855,-1.5016804,-0.12011047,0.903661
604,0.39037085,-0.24264522,0.06153748,-1.9653403,-1.7155485,-2.7270103,0.66330945,-0.6133482,-0.07828576
605,-0.5627756,1.6542699,-0.50554264,-1.7706797,-2.1311738,-3.1678274,0.053740323,1.8337989,-0.40037796
606,-2.0870953,0.14277698,0.18284902,-1.4654455,-1.4501448,-2.5092378,-2.7559152,-0.7104547,0.29187942
607,-2.5286105,-0.012654465,-0.20329422,-2.036727,-2.022186,-3.1217453,-2.250616,-0.14659896,-0.29204792
608,-1.0674108,-1.3822718,-0.4211998,-1.993408,-2.8581328,-3.4076085,-1.7571626,-1.6272776,-0.30077243
609,0.6815306,1.8518252,0.5535809,-1.0770842,-1.4394236,-2.2150345,0.5554379,1.350697,0.58458227
610,-0.017845623,0.6344275,1.6214197,-0.47890425,-0.70339584,-1.6076044,1.1525793,0.65341747,1.9952619
611,-2.6522872,-0.032913607,-0.94731027,-2.56393,-3.127905,-3.916605,-2.8071506,0.23926757,-0.96868193
612,1.0656059,-0.083553776,0.73468375,-1.2723225,-1.2611649,-2.0967448,0.9151202,0.8311325,0.4692462
613,-2.3223686,0.98474157,0.33004737,-1.8928164,-1.3997395,-2.805933,-2.0588372,1.22711,0.6407682
614,0.058363535,0.16155945,-0.6973168,-1.1664715,-2.0098825,-3.1284878,-0.055766277,0.27623963,-0.81047505
615,0.21476513,0.36283627,0.37160507,-1.2858399,-1.4455044,-2.2727733,0.182149,1.8450625,-0.0118172765
616,0.10944382,-1.7475464,0.1954324,-2.0660348,-1.4423206,-2.5990646,0.1488108,-0.79685664,0.22525613
617,0.36355343,1.6707426,-0.1972869,-1.5346339,-1.785275,-2.9637325,0.57892746,2.1653306,-0.3553049
618,0.14405733,-0.84513956,1.0393826,-0.6662704,-1.0359435,-1.8874743,-0.41360354,-0.95070195,1.2702613
619,0.0479706,-0.5313992,1.2752315,0.012234539,-1.130927,-1.8300081,-0.113581724,0.32145715,0.8784823
620,0.3527102,0.985942,-0.67929786,0.2133927,-2.2312543,-3.215145,0.17038053,0.85393167,-0.36568165
621,1.3465506,-0.9785012,0.4198856,-0.6037547,-1.2473271,-2.3724675,2.8552818,-1.3157431,0.6313998
622,-0.98181134,0.5057881,0.5760598,-1.6542083,-1.0434449,-2.3351955,-0.836625,-0.68819916,0.20041752
623,1.7272038,-1.2186143,0.34785986,-2.0146697,-1.2604098,-2.6198952,2.8542838,-1.8219013,0.335967
624,-0.46587816,-0.9762106,0.009753643,-0.9259981,-1.772624,-2.722706,-0.1731686,-0.9696388,-0.18866959
625,-0.11284017,0.64865047,0.8991889,-1.3046718,-1.0052722,-2.0363393,0.05216498,0.51145226,0.8996121
626,-1.3501828,0.0617127,0.8813731,-1.3431666,-0.97419125,-2.161139,-0.55777353,-0.066890374,0.74763614
627,-0.29004914,-1.6519085,1.1103333,-1.112309,-0.43591362,-1.8797922,0.18716767,-0.74071026,1.1113542
628,1.9813197,-1.1037645,0.20053269,-2.2895875,-1.409054,-2.869589,2.083751,-0.7573141,-0.08213277
629,0.21700591,-0.62489223,0.7064756,0.11876351,-1.4325454,-2.0483694,-1.5196712,0.30930763,0.12122166
630,1.1699945,-1.4026705,0.029643802,-1.0108716,-1.5573919,-2.814265,1.5173163,-1.9872236,0.24299942
631,0.17594278,0.23230745,0.47191763,-1.2152792,-1.3467178,-2.1938736,1.6799021,0.7391041,0.7451921
632,-0.38319147,-0.38470957,0.63717455,-1.1600423,-1.053684,-2.1448722,0.20631069,-0.29578036,0.3161111
633,0.21266168,0.6582575,0.0167253,-0.8951106,-1.7001314,-2.557569,-0.12091586,0.4230216,-0.4805896
634,-0.6388606,-0.7600995,0.9554223,-1.3614346,-0.5003414,-2.062555,-0.29541165,-0.64685464,0.7651804
635,0.5822963,1.8559573,0.30802998,-1.7123836,-1.6467226,-2.5758035,0.8479275,1.3089497,-0.026529193
636,-0.9988764,-0.28139898,-0.198386,0.26976728,-1.5400279,-2.9486444,-1.3620616,-0.38707304,-0.54042614
637,1.6179172,0.08102913,-0.003828736,0.20848197,-1.6581883,-2.7659054,1.8075545,0.34208894,-0.23217212
638,-1.9702351,-0.19040795,-0.48603278,-2.3517861,-2.2622254,-3.6295388,-2.0234723,-0.09318492,-0.41788375
639,-0.48558435,0.2145495,0.14345475,-2.276688,-1.4800441,-2.8376846,-0.623559,0.41712868,0.08988418
640,0.11902917,0.45900142,0.16264498,-2.031611,-1.7299929,-2.661078,0.04497365,0.011818677,0.21923462
641,-0.832789,-0.34792334,0.5654949,-2.3354273,-0.92857724,-2.6693082,-0.65393126,-0.5517723,0.4040328
642,-0.9386111,0.058964927,0.08750306,-2.134516,-1.4657764,-2.6935856,-1.4504728,-1.0952764,0.2600357
643,0.7256369,-0.7836836,-0.32374686,-0.6321288,-1.7397649,-2.914475,0.06474,-0.80211306,-0.16582955
644,-1.2612478,0.9508277,0.48379523,-0.9322455,-1.2586598,-2.0571043,-1.1867473,0.2964608,0.80018663
645,1.1105206,-0.17614202,0.2032121,-1.7685974,-1.7141929,-2.5786948,1.1224811,0.91117924,-0.25827247
646,-1.0545413,0.50931644,0.6172927,-1.4786999,-1.0516407,-2.2179232,-1.0032271,0.22963893,0.5681352
647,-1.5065598,-0.27704492,0.6792199,-1.3122704,-1.0695276,-2.1552267,-2.2927887,-0.29541576,0.5539645
648,-1.0884674,-0.79708296,-0.1846975,-1.683575,-1.7214196,-2.8255043,-2.0003493,0.059172094,-0.09930678
649,-0.27411553,-0.06396656,0.31777403,-2.2151875,-1.1913414,-2.7473984,-0.40154213,-0.6913902,-0.02639985
650,-1.5811578,-0.5594482,-0.41117615,-1.7998074,-1.8262937,-3.1171138,-2.0813808,-0.7017156,0.018256247
651,-2.4554255,0.7398654,-0.17763066,-1.5983242,-2.2326796,-2.7894685,-2.3133652,0.5407268,0.034619004
652,0.0018792823,0.9785763,0.4793768,-1.66319,-1.4454904,-2.3287103,0.41331577,1.8212171,0.72590375
653,-0.93086183,-0.3187969,-0.4354897,-2.1610103,-1.9843512,-3.0371597,-0.76936555,-0.7753701,-0.45643178
654,-2.2455735,2.0965166,-0.61716354,-2.3539782,-2.1658692,-3.6069267,-2.0992491,1.971179,-0.57037777
655,-2.178636,2.405062,-0.17207015,-2.2583408,-1.6831105,-3.3274143,-2.7308931,2.717606,-0.0069033056
656,-0.55410063,-0.48341334,0.680871,-2.0805483,-0.49975723,-2.4959054,-1.0014347,-0.25630915,0.984396
657,0.40182883,1.3863512,-0.66138047,-2.9223452,-2.846799,-3.439495,0.34080154,1.2948275,-0.5260173
658,-0.015305303,-0.32057533,-0.7981351,-1.4279978,-1.9425106,-3.1807945,-0.64069253,-0.6631436,-0.8796598
659,0.59372103,1.0768553,1.378049,-0.83260125,-0.9152892,-1.7498515,1.4040112,1.9615532,0.8533517
660,4.0311627,-2.13163,-0.6657507,-1.9634193,-2.136767,-4.0911326,3.8275049,-2.532862,-0.6964547
661,-2.4016383,0.20080401,-0.12290096,-1.8160542,-1.9208438,-2.8945982,-2.6645443,0.3803028,-0.010747902
662,0.83186597,1.1991823,0.0828136,-1.9820682,-1.889045,-2.6614645,0.7785882,1.1722022,-0.24755076
663,-2.2914991,0.43633607,-0.5665127,-2.392507,-2.4005764,-3.6747425,-2.225488,0.97695494,-0.45871636
664,1.433001,0.36284444,0.54706115,-1.182898,-1.4925926,-2.278872,0.33670366,0.79969424,0.51984954
665,-0.9356384,-0.519969,0.18879132,-2.0298748,-1.29656,-2.6198835,-0.79186094,-0.3069793,0.45096546
666,1.0510273,1.3294336,-0.6030124,-0.7696012,-2.195136,-3.1674912,0.48964322,1.6980503,-0.69488525
667,-2.0910034,0.094529584,-0.6145039,-1.694425,-2.2133086,-3.1765509,-1.057498,0.13444853,-0.3882934
668,-0.07433372,0.041838545,1.1070793,-0.10775235,-1.0021788,-1.7561545,-0.66433406,0.06898978,1.6187654
669,0.1494348,1.2107543,-1.1378802,-2.9303641,-2.736854,-3.7535207,0.21243274,1.2955565,-1.17222
670,-2.3373625,-0.60758597,-0.5951302,-2.6186953,-2.4760191,-3.9565625,-2.669386,0.12642682,-0.59330326
671,-1.8195174,0.72653496,-0.6087114,-1.8183279,-2.2054176,-3.140548,-1.7410725,0.9819968,-0.39165106
672,-0.53361255,0.67009765,1.2420194,-1.0691681,-0.72655374,-1.7915587,-0.5965593,0.19380504,1.3084329
673,-0.65665,-1.2229075,1.0248109,-1.2457067,-0.5933395,-2.0078201,0.038473368,-1.1347098,0.9697769
674,-0.18707246,-0.43338934,-0.32757393,-1.4206247,-1.7404196,-2.9203491,0.32255775,-1.6499546,-0.5162768
675,0.057179816,-0.8198767,1.1898799,-0.66962075,-0.8980258,-1.8466191,0.4964278,-1.4656645,1.7795861
676,-0.23123443,0.73935974,0.28776821,-1.8401052,-1.4920025,-2.6602628,0.13639504,0.90889,0.37874198
677,-0.77722186,-0.8257613,0.09324367,-0.44546288,-1.7349873,-2.760752,0.6067937,-1.0077953,0.06643838
678,0.48805463,0.40644112,0.0866225,-1.5501143,-1.7051005,-2.516219,0.4483886,-0.2813765,0.13458891
679,0.064452834,0.8827213,0.21958522,-2.1158516,-1.7344215,-2.669143,0.118160166,1.0899168,0.15474218
680,0.18913919,2.0295722,-0.051567465,-1.587453,-1.6087985,-2.93134,0.43601307,1.4807334,-0.036049306
681,0.7406365,1.2274027,1.1022562,-0.97388655,-1.182616,-1.864003,0.83360195,1.8350708,0.68882954
682,0.8502032,1.209068,1.2602062,-0.9036651,-1.1046736,-1.8387403,1.7139709,1.1477733,1.2619042
683,-0.89209086,-1.824942,0.8779135,-1.6042758,-1.4606152,-2.302104,-1.0383799,-1.9777929,0.37445283
684,-0.34326,1.8640364,0.40373945,-0.66466343,-1.2498112,-2.1332664,-1.1379061,2.63509,-0.10727906
685,0.28049845,0.28998962,2.1794028,-0.15326172,-0.29437095,-1.3206328,1.0033182,0.6057633,2.5192695
686,-0.20998853,0.45059112,0.2823966,-1.9409143,-1.497148,-2.680217,-0.3368842,-0.055743605,0.77146864
687,-0.8686691,-1.5932893,-1.2408779,-0.072760105,-2.8770957,-2.9460213,0.2113406,-1.628363,-1.3891723
688,-0.9214942,-2.256997,-0.8084652,-2.4124575,-2.9356203,-3.5113435,-1.1794616,-2.3281953,-0.9566597
689,-0.41866913,-0.9372761,0.73203534,-1.2107403,-0.8787556,-2.1476898,-0.2051841,-1.9307704,0.4883502
690,-0.9166611,0.30785814,1.3024299,-1.0157939,-0.69263035,-1.821639,-0.24213082,-0.6524668,1.9583588
691,-0.44051683,-0.5027431,1.0750964,-1.307338,-0.35988718,-1.9312823,-0.62073046,-0.7022785,1.3211548
692,-0.5695746,-0.17960905,0.83425134,0.7545203,-1.200988,-1.9661591,-1.2630007,-0.026134118,1.364615
693,0.40362167,-2.3591805,-0.68500483,-1.9833553,-3.4003558,-4.0899796,0.13731307,-2.2786524,-0.6043199
694,-0.8751195,-1.8437887,0.9522026,-1.5151969,-1.3476133,-2.2493749,-0.1769293,-2.0808845,0.8509502
695,1.6871786,-0.8665403,0.265835,-1.8070365,-1.3353748,-2.505735,1.812132,-0.51395065,0.57326615
696,-0.27150875,-0.27867264,1.3155799,-0.34738833,-0.91220117,-1.7445039,0.27086234,0.87247235,0.9087409
697,-0.67543584,-0.0728222,0.47265068,-2.3169355,-1.0486038,-2.690242,-0.5440186,0.7175786,0.52110434
698,-0.25970525,-0.85067385,0.8198427,-0.5490611,-1.4134495,-1.9612739,0.27303255,-1.1462694,1.167245
699,-0.35596842,-0.42377567,1.164703,-1.2321658,-0.24063247,-1.8306491,0.051056206,-1.8487871,1.3361061
700,1.0487329,1.4884655,0.31067663,-1.3070166,-1.6245496,-2.5113595,0.7858564,1.5080163,0.10843961
701,-1.8634213,0.46586117,-0.91623795,-2.1148822,-2.484525,-3.2811182,-2.17334,0.15282074,-0.9040141
702,1.2337116,-0.7634892,0.44869238,-1.5680659,-1.260494,-2.3241274,0.9786625,-1.2333088,0.36229548
703,0.32339066,-0.95816267,1.9309837,-0.22278124,-0.44928128,-1.4834247,-0.34799206,-0.51191497,1.9645386
704,-0.8004794,0.012834389,-0.40942252,-0.09090531,-1.6801326,-3.0458696,-1.9981651,-0.41730058,-0.4179414
705,2.6597888,-0.081500694,-0.31975335,-1.0548438,-1.862889,-3.1314507,2.6181324,-0.008338518,-0.11250509
706,0.16421169,-0.4823371,2.135252,-0.12741768,-0.3408422,-1.3777112,-0.26457596,0.31782493,2.1018121
707,2.2589805,-0.60703063,0.10625537,-0.3025818,-1.4763403,-2.7816303,2.1032643,-0.20227653,-0.21679516
708,-0.4808158,0.5514935,0.0017278772,-1.2668737,-1.6534204,-2.5915847,0.073696524,0.7344112,0.11250689
709,-0.76994103,-0.8531729,-0.18043149,-1.489234,-1.6839244,-2.837038,-0.65190244,-0.92244136,-0.1430068
710,2.055129,0.8656162,-0.5552739,-1.4510012,-2.250849,-3.2396414,1.6801741,0.6711741,-0.8278787
711,0.83212394,-0.9796124,0.124483295,-1.3787135,-1.4330468,-2.5350642,0.5641055,-1.4167252,0.042034253
712,-0.56843513,-0.51043606,1.398974,-0.49181795,-0.9571927,-1.7337981,0.54410535,1.0512834,1.5637581
713,-0.2605919,1.7799205,-0.71847844,-2.622213,-2.2832289,-3.2355237,-0.58839333,1.9532495,-0.41804603
714,0.10424156,1.2914953,0.18161216,0.70602727,-1.5757923,-2.3068504,3.13537,1.1309242,0.18916097
715,-1.6314465,1.417806,-0.8678167,-1.8136443,-2.2591796,-3.1065161,-1.6079674,1.4591202,-0.7170896
716,-0.4994257,-0.95777065,1.0379128,-1.3255297,-0.25412303,-1.9782226,-1.1997976,0.60020655,1.8882105
717,-1.9178728,0.08426274,-0.55853796,-1.4054115,-2.087624,-3.126304,-1.1394448,0.16702694,-0.71983016
718,-0.9303677,-1.2570716,-0.80153966,-2.2409449,-2.5289028,-3.6198285,-1.3322216,-1.9044509,-0.809983
719,-2.613412,-0.062132757,-0.54527617,-2.6861453,-2.4729085,-3.9611082,-2.7235496,-0.3074545,-0.535389
720,-2.2186298,0.13616802,0.5664077,-1.5436618,-1.2279031,-2.3785865,-1.8954235,-0.24403758,0.39718574
721,0.3845371,0.22796638,2.1994503,-0.07343197,-0.29879653,-1.3443863,1.6115814,1.112465,2.1184087
722,1.8854735,-0.35254955,0.10851905,0.27728438,-1.7164302,-2.6998572,1.8034717,-0.027224898,0.1419713
723,-0.86219543,0.13475372,-0.33693168,-1.1430967,-1.7818074,-2.863273,-0.5656587,-0.10125762,-0.42359704
724,0.5317121,1.1737933,0.1871121,-0.28848583,-1.5505767,-2.4160187,0.32721668,1.5415663,0.3315795
725,-1.9085243,-0.26457846,0.4736456,-1.7039244,-1.2450721,-2.5108948,-2.2112174,-0.29487354,0.41947833
726,-0.8020603,-1.609415,0.83806956,-1.7454655,-0.6648986,-2.2752573,-0.51683545,-2.5460725,1.6336541
727,0.15074891,1.451892,0.81193566,-1.3992469,-1.2113407,-1.989506,-0.44694018,1.8259922,0.35624027
728,0.41019717,-1.912396,-0.041096523,-2.2416873,-1.71844,-3.061817,0.8038273,-1.9126296,0.058789156
729,-0.15210897,1.0685499,0.62689495,-1.7288256,-1.2460265,-2.294807,1.0735672,1.8995531,-0.15217763
730,0.2711606,1.7018836,0.49034852,-1.5860746,-1.4693353,-2.3094764,0.5794058,1.7808688,0.52483183
731,0.80206645,0.33104724,-0.17393862,-1.7362976,-1.946346,-2.794661,1.8423263,0.171477,-0.23223369
732,0.24273437,-0.5398333,1.8639232,-0.23897797,-0.42517966,-1.480927,0.17265067,-0.30939922,1.5143118
733,0.8899604,-0.06708972,-0.3910449,-2.1446874,-2.2284026,-3.1711988,0.6984425,0.078398794,-0.5732148
734,0.5449838,1.4719297,-0.6132292,-2.8880033,-2.7631917,-3.4616807,0.44562817,1.9467165,-0.64061594
735,1.2329905,0.7839461,0.31871063,-1.2265899,-1.6802952,-2.4814548,1.2391754,0.029844165,-0.01778832
736,-0.9783147,-0.017771643,0.59337974,-0.4185461,-1.2393663,-1.9650986,-0.54055774,-0.21662529,0.9698231
737,-0.1974422,0.46801278,-0.5223658,-1.5607026,-1.9962997,-2.990685,-0.45788708,0.106975526,-0.4628424
738,-2.2775466,0.33362737,-1.0173004,-2.4607654,-3.0614297,-3.5539148,-2.7947967,0.70176625,-1.0124685
739,-0.31878653,-1.8257083,-0.117742136,-1.7994034,-1.7818131,-2.8535058,-0.12805904,-2.0706644,-0.24739063
740,-0.30507582,1.712336,-0.8813327,-2.5200982,-2.5675697,-3.332536,-0.1803042,1.6800684,-0.6897017
741,2.135637,0.91530216,-0.651222,-1.6599438,-2.3318052,-3.323426,2.1625297,1.2656443,-0.7104916
742,-0.8641991,0.73936343,0.030971928,-1.5570796,-1.5498796,-2.640931,-1.0525932,1.2352477,-0.021171404
743,1.5380846,-1.1548285,0.71862364,-1.4567486,-0.9333896,-2.1584225,1.4980127,-0.8396695,0.5786684
744,0.35381365,1.627262,-1.5369323,-3.6323195,-3.62899,-4.578675,0.24038363,1.6638544,-1.5051761
745,0.25428545,1.306147,1.3441693,-0.55991364,-0.881977,-1.6544311,1.4470438,0.8155906,0.4615605
